"Data Source","World Development Indicators",

"Last Updated Date","2026-04-08",

"Country Name","Country Code","Indicator Name","Indicator Code","1960","1961","1962","1963","1964","1965","1966","1967","1968","1969","1970","1971","1972","1973","1974","1975","1976","1977","1978","1979","1980","1981","1982","1983","1984","1985","1986","1987","1988","1989","1990","1991","1992","1993","1994","1995","1996","1997","1998","1999","2000","2001","2002","2003","2004","2005","2006","2007","2008","2009","2010","2011","2012","2013","2014","2015","2016","2017","2018","2019","2020","2021","2022","2023","2024","2025",
"Aruba","ABW","Unemployment, youth total (% of total labor force ages 15-24) (national estimate)","SL.UEM.1524.NE.ZS","","","","","","","","","","","","","","","","","","","","","","","","","","","","","","","","11.989","","","","","","","","","","","","","","","","23.242","","","28.856","","","","","","","","","","","","","","","",
"Africa Eastern and Southern","AFE","Unemployment, youth total (% of total labor force ages 15-24) (national estimate)","SL.UEM.1524.NE.ZS","","","","","","","","","","","","","","","","","","","","","","","","","","","","","","","","","","","","","","","","","","","","","","","","","","","","","","","","","","","","","","","","","","",
"Afghanistan","AFG","Unemployment, youth total (% of total labor force ages 15-24) (national estimate)","SL.UEM.1524.NE.ZS","","","","","","","","","","","","","","","","","","","","","","","","","","","","","","","","","","","","","","","","","","","","","","","","","4.049","","","","2.933","","9.963","","","17.574","","","16.2","8.784","","","","",
"Africa Western and Central","AFW","Unemployment, youth total (% of total labor force ages 15-24) (national estimate)","SL.UEM.1524.NE.ZS","","","","","","","","","","","","","","","","","","","","","","","","","","","","","","","","","","","","","","","","","","","","","","","","","","","","","","","7.36067098149926","","","12.563145856985","","7.04167482117296","","","5.69517316292925","","","",
"Angola","AGO","Unemployment, youth total (% of total labor force ages 15-24) (national estimate)","SL.UEM.1524.NE.ZS","","","","","","","","","","","","","","","","","","","","","","","","","","","","","","","","","","","","","","","","","","","","","54.311","","","","","9.139","19.424","34.756","","","17.332","","","","","31.107","29.081","29.789","26.585","21.469","26.203","",
"Albania","ALB","Unemployment, youth total (% of total labor force ages 15-24) (national estimate)","SL.UEM.1524.NE.ZS","","","","","","","","","","","","","","","","","","","","","","","","","","","","","","","","","","","","","","","","","","","5.907","","","13.373","","26.581","27.062","26.978","30.5","22.663","29.253","31.237","39.869","39.977","36.613","31.61","28.127","26.977","26.465","27.069","24.538","25.419","22.381","",
"Andorra","AND","Unemployment, youth total (% of total labor force ages 15-24) (national estimate)","SL.UEM.1524.NE.ZS","","","","","","","","","","","","","","","","","","","","","","","","","","","","","","","","","","","","","","","","","","","","","","","","","","","","","","","","","","","","","","","","","","",
"Arab World","ARB","Unemployment, youth total (% of total labor force ages 15-24) (national estimate)","SL.UEM.1524.NE.ZS","","","","","","","","","","","","","","","","","","","","","","","","","","","","","","","","","","","","","","","","","","","","","","","","23.2990573842973","24.3148273193513","22.7773342833044","","","","","26.999296112311","","","","","","","","","","","",
"United Arab Emirates","ARE","Unemployment, youth total (% of total labor force ages 15-24) (national estimate)","SL.UEM.1524.NE.ZS","","","","","","","","","","","","","","","","","","","","","","","","","","","","","","","","","","","","","","","","","","","","","","8.034","","","","","","","","","","","6.042","7.668","6.949","7.581","13.98","9.965","10.383","6.356","5.244","",
"Argentina","ARG","Unemployment, youth total (% of total labor force ages 15-24) (national estimate)","SL.UEM.1524.NE.ZS","","","","","","","","","","","","","","","","","","","","","","","","","","","","","","","","","","","","","","","","","","","","","29.323","26.03","23.659","","18.837","21.165","19.358","18.727","18.282","19.43","18.843","","","22.64","23.727","25.86","30.173","23.239","18.971","17.886","4.968","",
"Armenia","ARM","Unemployment, youth total (% of total labor force ages 15-24) (national estimate)","SL.UEM.1524.NE.ZS","","","","","","","","","","","","","","","","","","","","","","","","","","","","","","","","","","","","","","","","","","48.516","","","","","","","45.243","42.191","38.959","39.539","35.44","36.314","36.995","31.954","36.323","38.178","27.578","25.189","25.733","24.289","25.51","21.166","","",
"American Samoa","ASM","Unemployment, youth total (% of total labor force ages 15-24) (national estimate)","SL.UEM.1524.NE.ZS","","","","","","","","","","","","","","","","","","","","","","","","","","","","","","","11.964","","","","","","","","","","","","","","","","","","","","","","","","","","","","","","","","","","","",
"Antigua and Barbuda","ATG","Unemployment, youth total (% of total labor force ages 15-24) (national estimate)","SL.UEM.1524.NE.ZS","","","","","","","","","","","","","","","","","","","","","","","","","","","","","","","","","","","","","","","","","","19.845","","","","","","","","","","","","","","","","","25.814","","","","","","","",
"Australia","AUS","Unemployment, youth total (% of total labor force ages 15-24) (national estimate)","SL.UEM.1524.NE.ZS","","","","","","","","","","","","","","","","","","","","12.976","12.525","11.42","13.847","18.302","16.773","15.153","15.046","14.933","13.414","11.155","13.02","17.487","19.284","18.545","16.88","15.204","15.651","15.853","14.469","13.122","12.095","13.482","12.802","11.966","11.373","10.623","10.032","9.366","8.817","11.462","11.553","11.379","11.729","12.222","13.31","13.11","12.665","12.676","11.938","11.449","14.15","11.156","8.449","8.319","9.309","",
"Austria","AUT","Unemployment, youth total (% of total labor force ages 15-24) (national estimate)","SL.UEM.1524.NE.ZS","","","","","","","","","","","","","","","","","","","","","","","5.213","6.138","5.1","4.288","3.946","4.993","4.569","4.128","3.799","3.716","4.13","4.661","","5.915","6.851","7.574","7.504","5.931","6.302","6.026","7.158","7.454","10.997","11.183","10.051","9.601","8.725","10.903","9.68","9.179","9.568","9.774","10.517","10.922","11.428","9.979","9.589","8.786","10.343","12.037","10.322","10.946","10.864","12.159",
"Azerbaijan","AZE","Unemployment, youth total (% of total labor force ages 15-24) (national estimate)","SL.UEM.1524.NE.ZS","","","","","","","","","","","","","","","","","","","","","","","","","","","","","","","","","","","","","","","","18.426","22.05","22.026","21.496","18.881","18.228","15.375","14.739","13.613","13.958","13.91","14.92","14.71","14.16","13.746","13.54","13.42","13.066","12.892","12.748","11.543","15.229","14.555","13.551","","","",
"Burundi","BDI","Unemployment, youth total (% of total labor force ages 15-24) (national estimate)","SL.UEM.1524.NE.ZS","","","","","","","","","","","","","","","","","","","","","","","","","","","","","","","0.663","","","","","","","","","","","","","","","","3.965","","","","","","","","2.935","","","","","","1.7","","","","","",
"Belgium","BEL","Unemployment, youth total (% of total labor force ages 15-24) (national estimate)","SL.UEM.1524.NE.ZS","","","","","","","","","","","","","","","","","","","","","","","","23.908","25.206","23.544","21.068","21.411","18.066","15.491","14.465","13.978","13.218","18.46","21.847","21.511","20.474","21.256","20.383","22.571","15.248","15.333","15.652","18.984","17.503","21.482","20.512","18.842","17.972","21.944","22.399","18.733","19.75","23.702","23.23","22.132","20.123","19.248","15.752","14.241","15.331","18.209","16.397","16.083","17.418","",
"Benin","BEN","Unemployment, youth total (% of total labor force ages 15-24) (national estimate)","SL.UEM.1524.NE.ZS","","","","","","","","","","","","","","","","","","","","","","","","","","","0.268","","","","","","1.694","","","","","","","","","","0.823","","","","","","","","2.384","5.628","","3.893","","","","","","2.316","","","3.166","","","",
"Burkina Faso","BFA","Unemployment, youth total (% of total labor force ages 15-24) (national estimate)","SL.UEM.1524.NE.ZS","","","","","","","","","","","","","","","","","","","","","","","","","","","","","","","","","","","","","","","","","","","","","","","3.82","","","","","","","","8.697","","","","8.619","2.028","","","3.421","8.581","6.759","",
"Bangladesh","BGD","Unemployment, youth total (% of total labor force ages 15-24) (national estimate)","SL.UEM.1524.NE.ZS","","","","","","","","","","","","","","","","","","","","","","","","","","","2.197","","","2.54","","","","","","","7.016","","","","10.726","","","6.633","","9.265","7.601","","","","6.356","6.872","","9.876","","","10.2","12.763","","","","","11.468","8.239","9.634","",
"Bulgaria","BGR","Unemployment, youth total (% of total labor force ages 15-24) (national estimate)","SL.UEM.1524.NE.ZS","","","","","","","","","","","","","","","","","","","","","","","","","","","","","","","","","","","","","","32.887","","","33.33","39.255","35.605","27.073","24.472","22.346","19.514","15.117","12.728","16.157","21.919","25.027","28.094","28.361","23.775","21.646","17.222","12.926","12.678","8.807","14.217","15.782","10.62","12.092","12.344","",
"Bahrain","BHR","Unemployment, youth total (% of total labor force ages 15-24) (national estimate)","SL.UEM.1524.NE.ZS","","","","","","","","","","","","","","","","","","","","","","","","","","","","","","","","25.372","","","","","","","","","","20.096","","","","","","","","","5.031","5.624","5.303","","","3.035","","","","","","","","","","",
"Bahamas, The","BHS","Unemployment, youth total (% of total labor force ages 15-24) (national estimate)","SL.UEM.1524.NE.ZS","","","","","","","","","","","","","","","","","","","","","","","","","","","","","","","16.614","22.853","27.12","22.941","24.646","20.984","23.781","22.196","15.728","15.776","","15.055","","24.046","","20.179","","18.901","17.112","26.202","","","30.79","","","","25.839","","24.1","19.451","","","","17.888","","",
"Bosnia and Herzegovina","BIH","Unemployment, youth total (% of total labor force ages 15-24) (national estimate)","SL.UEM.1524.NE.ZS","","","","","","","","","","","","","","","","","","","","","","","","","","","","","","","","","","","","","","","","","","38.666","","","","","62.308","58.422","47.526","48.703","57.716","57.873","63.109","59.119","62.659","62.318","54.313","45.812","38.822","33.792","36.636","35.073","31.668","27.315","27.885","",
"Belarus","BLR","Unemployment, youth total (% of total labor force ages 15-24) (national estimate)","SL.UEM.1524.NE.ZS","","","","","","","","","","","","","","","","","","","","","","","","","","","","","","","","","","","","","","","","14.507","","","","","","","","","","12.782","","","","","","","10.719","9.319","10.652","10.205","12.037","10.505","10.287","10.587","10.116","",
"Belize","BLZ","Unemployment, youth total (% of total labor force ages 15-24) (national estimate)","SL.UEM.1524.NE.ZS","","","","","","","","","","","","","","","","","","","","","","","","","","","","","","","","","","","21.534","","","","","","","","","","","","","","","","","","25.031","16.827","18.188","16.398","16.279","15.314","21.348","19.303","","","","","","",
"Bermuda","BMU","Unemployment, youth total (% of total labor force ages 15-24) (national estimate)","SL.UEM.1524.NE.ZS","","","","","","","","","","","","","","","","","","","","","","","","","","","","","","","","15.563","","","","","","","","","10.733","","","","","","","","","21.066","16.316","","35.69","","29","","","","","","","","","","","",
"Bolivia","BOL","Unemployment, youth total (% of total labor force ages 15-24) (national estimate)","SL.UEM.1524.NE.ZS","","","","","","","","","","","","","","","","","","","","","","","","","","","14.36","20.712","","","","","","","","6.064","8.636","3.51","","","8.544","","","","","","","","5.698","5.303","","5.262","3.402","5.586","4.757","6.975","6.814","6.698","6.884","7.067","16.07","8.117","6.009","4.937","4.271","",
"Brazil","BRA","Unemployment, youth total (% of total labor force ages 15-24) (national estimate)","SL.UEM.1524.NE.ZS","","","","","","","","","","","","","","","","","","","","","","","","","","6.34","4.527","6.653","7.168","7.769","8.55","","13.201","11.534","","13.334","14.628","16.67","19.259","20.639","","20.002","20.602","21.352","20.02","21.346","19.916","18.899","17.671","19.881","","16.986","15.744","15.588","15.405","19.369","26.429","28.446","27.836","27.007","30.211","28.299","20.743","17.958","15.704","13.594",
"Barbados","BRB","Unemployment, youth total (% of total labor force ages 15-24) (national estimate)","SL.UEM.1524.NE.ZS","","","","","","","","","","","","","","","","","","","","","","","","30.556","","","35.439","36.486","32.542","25.532","30.671","33.465","42.188","41.28","41.763","37.77","27.881","30.04","24.57","22.27","","23","22.93","26.214","","","","","","24.405","26.061","","","29.605","33.775","29.26","26.668","26.542","24.591","26.031","","28.36","21.262","18.715","","",
"Brunei Darussalam","BRN","Unemployment, youth total (% of total labor force ages 15-24) (national estimate)","SL.UEM.1524.NE.ZS","","","","","","","","","","","","","","","","","","","","","","","","","","","","","","","","","","","","","","","","","","","","","","","","","","","","","","","25.273","","","28.891","29.869","20.368","26.419","16.335","18.344","17.808","19.371","",
"Bhutan","BTN","Unemployment, youth total (% of total labor force ages 15-24) (national estimate)","SL.UEM.1524.NE.ZS","","","","","","","","","","","","","","","","","","","","","","","","","","","","","","","","","","","","","","","","","","","","","","","","","","12.95","9.206","9.351","7.277","9.549","9.39","10.733","","","15.732","11.85","22.58","20.932","28.625","14.98","18.216","",
"Botswana","BWA","Unemployment, youth total (% of total labor force ages 15-24) (national estimate)","SL.UEM.1524.NE.ZS","","","","","","","","","","","","","","","","","","","","","","","","","","37.77","","","","","","25.606","","","","","37.935","","","","","39.661","","","","","32.596","","","33.419","35.988","42.94","","","","","","","","35.507","41.948","44.948","44.216","45.594","45.164","",
"Central African Republic","CAF","Unemployment, youth total (% of total labor force ages 15-24) (national estimate)","SL.UEM.1524.NE.ZS","","","","","","","","","","","","","","","","","","","","","","","","","","","","","","","","","","","","","","","","","","","","","","","","","","","","","","","","","","","","","","","","","","",
"Canada","CAN","Unemployment, youth total (% of total labor force ages 15-24) (national estimate)","SL.UEM.1524.NE.ZS","","","","","","","","","","","","","","","","","12.392","13.821","14.025","12.674","12.825","12.777","18.24","19.246","17.367","15.774","14.656","13.214","11.496","10.949","12.349","15.845","17.225","17.193","15.898","14.836","15.407","16.26","15.145","14.057","12.674","12.874","13.625","13.632","13.451","12.399","11.62","11.026","11.382","15.066","14.586","13.926","14.045","13.248","13.21","12.768","12.607","11.239","10.708","10.743","20.112","13.541","10.067","10.758","13.121","13.838",
"Central Europe and the Baltics","CEB","Unemployment, youth total (% of total labor force ages 15-24) (national estimate)","SL.UEM.1524.NE.ZS","","","","","","","","","","","","","","","","","","","","","","","","","","","","","","","","","","","","","","20.1374935425583","18.9772792731127","23.3643296520935","25.9659337185122","29.6015563614162","31.309853450652","30.1473263841285","29.5508244289354","27.5694623287574","23.8056197801111","18.6479978186714","16.6683830604799","21.5714475957868","24.4769153742954","25.5594246913898","26.2495357849958","26.6626844535257","23.4454292302391","20.6920937635282","17.6483794840529","14.9495562490458","12.6122086121717","11.6248841645113","13.6129164098582","14.8645083783513","13.6822199050746","14.1949955605708","14.7196609704342","",
"Switzerland","CHE","Unemployment, youth total (% of total labor force ages 15-24) (national estimate)","SL.UEM.1524.NE.ZS","","","","","","","","","","","","","","","","","","","","","","","","","","","","","","","3.242","3.264","3.007","5.833","5.551","4.65","4.651","5.995","5.772","5.65","4.806","5.625","5.586","8.498","7.709","8.762","7.703","7.085","7.019","8.446","8.217","7.731","8.33","8.745","8.599","8.817","8.584","8.067","7.947","8.003","8.61","8.318","6.836","7.857","8.231","",
"Channel Islands","CHI","Unemployment, youth total (% of total labor force ages 15-24) (national estimate)","SL.UEM.1524.NE.ZS","","","","","","","","","","","","","","","","","","","","","","","","","","","","","","","","","","","","","","","","","","","","","","","","","","","","","","","","","","","","","","","","","","",
"Chile","CHL","Unemployment, youth total (% of total labor force ages 15-24) (national estimate)","SL.UEM.1524.NE.ZS","","","","","","","","","","","","","","","","","","","","","","","","24.747","25.215","","17.3","","14.327","13.223","13.063","12.702","10.904","10.953","13.183","11.499","12.397","","21.275","","22.032","","","21.208","","","17.853","","","25.167","18.976","17.907","16.828","16.582","16.897","15.758","15.768","17.852","18.207","19.129","24.853","20.83","18.404","22.083","21.054","21.985",
"China","CHN","Unemployment, youth total (% of total labor force ages 15-24) (national estimate)","SL.UEM.1524.NE.ZS","","","","","","","","","","","","","","","","","","","","","","","","","","","","","","","","","","","","","","","","","9.083","","","","","","","","","","","","","","","","","","10.81","11.83","14.19","14.25","","","","",
"Cote d'Ivoire","CIV","Unemployment, youth total (% of total labor force ages 15-24) (national estimate)","SL.UEM.1524.NE.ZS","","","","","","","","","","","","","","","","","","","","","","","","","","","","","","","","","","","","","","","4.801","","","","","","","","","","","","","","9.747","6.497","","","2.048","5.52","","4.066","","","4.386","","","",
"Cameroon","CMR","Unemployment, youth total (% of total labor force ages 15-24) (national estimate)","SL.UEM.1524.NE.ZS","","","","","","","","","","","","","","","","","","","","","","","","","","","","","","","","","","","","","","","","","","","","","","39.716","","4.593","","","6.38","","","","6.286","","","","","","","6.428","","","","",
"Congo, Dem. Rep.","COD","Unemployment, youth total (% of total labor force ages 15-24) (national estimate)","SL.UEM.1524.NE.ZS","","","","","","","","","","","","","","","","","","","","","","","","","","","","","","","","","","","","","","","","","","","","","","4.938","","","","","","","8.683","","","","9.03","","","","1.687","","","","","",
"Congo, Rep.","COG","Unemployment, youth total (% of total labor force ages 15-24) (national estimate)","SL.UEM.1524.NE.ZS","","","","","","","","","","","","","","","","","","","","","","","","","","","","","","","","","","","","","","","","","","","","","","40.039","","","","16.62","","","","","","","","","","","","","","","","",
"Colombia","COL","Unemployment, youth total (% of total labor force ages 15-24) (national estimate)","SL.UEM.1524.NE.ZS","","","","","","","","","","","","","","","","","","","","","","","","","","","20.402","16.971","","","","16.125","15.404","","13.357","","18.698","","","","","27.589","26.951","25.294","26.304","22.598","","20.8","21.684","22.555","22.681","21.255","20.146","18.77","18.266","17.323","18.272","18.468","19.454","20.658","26.971","24.612","20.976","19.359","19.385","17.5",
"Comoros","COM","Unemployment, youth total (% of total labor force ages 15-24) (national estimate)","SL.UEM.1524.NE.ZS","","","","","","","","","","","","","","","","","","","","","","","","","","","","","","","","","","","","","","","","","","","","","9.999","","","","","","","","","","19.471","","","","","","","9.797","","","","",
"Cabo Verde","CPV","Unemployment, youth total (% of total labor force ages 15-24) (national estimate)","SL.UEM.1524.NE.ZS","","","","","","","","","","","","","","","","","","","","","","","","","","","","","","","41.232","","","","","","","","","","","","","","","","","","","25.918","","","","","","61.574","","32.446","27.768","12.9","","","","","","",
"Costa Rica","CRI","Unemployment, youth total (% of total labor force ages 15-24) (national estimate)","SL.UEM.1524.NE.ZS","","","","","","","","","","","","","","","","","","","","","","","","","","","","","","","","","","","","","","","","","","13.444","14.072","14.667","14.274","15.208","13.936","10.724","11.013","17.91","16.977","21.9","22.354","21.268","23.896","22.024","21.249","20.441","24.891","31.052","40.097","38.796","30.384","24.239","20.673","20.088",
"Caribbean small states","CSS","Unemployment, youth total (% of total labor force ages 15-24) (national estimate)","SL.UEM.1524.NE.ZS","","","","","","","","","","","","","","","","","","","","","","","","","","","","","","","","","","","","","","","","","","","","","","","","","","","","","","","","","19.0134600724696","","","19.6937749472822","","","","","","",
"Cuba","CUB","Unemployment, youth total (% of total labor force ages 15-24) (national estimate)","SL.UEM.1524.NE.ZS","","","","","","","","","","","","","","","","","","","","","","","","","","","","","","","","","","","","","","","","","","","","","","","","","","3.51","6.08","","7.019","","","","","","","","","","","","","",
"Curacao","CUW","Unemployment, youth total (% of total labor force ages 15-24) (national estimate)","SL.UEM.1524.NE.ZS","","","","","","","","","","","","","","","","","","","","","","","","","","","","","","","","","","","","","","","","","","","","","","","","","","","","24.721","","37.179","33.158","29.723","","","29.3","","42.2","","","","","",
"Cayman Islands","CYM","Unemployment, youth total (% of total labor force ages 15-24) (national estimate)","SL.UEM.1524.NE.ZS","","","","","","","","","","","","","","","","","","","","","","","","","","","","","","","","","","","","","","","","","","","","","","9.783","10.317","11.13","13.458","","","21.119","21.255","24.255","18.634","13.79","","","","","","","","","","",
"Cyprus","CYP","Unemployment, youth total (% of total labor force ages 15-24) (national estimate)","SL.UEM.1524.NE.ZS","","","","","","","","","","","","","","","","","","","","","","","","","","","","","","","","","4.697","","","","","","","10.119","9.224","8.348","7.906","9.057","10.821","14.6","10.436","10.288","9.147","14.044","16.733","22.412","28.207","39.124","36.032","32.9","29.129","25.068","20.632","16.873","18.533","17.138","18.61","16.565","12.984","",
"Czechia","CZE","Unemployment, youth total (% of total labor force ages 15-24) (national estimate)","SL.UEM.1524.NE.ZS","","","","","","","","","","","","","","","","","","","","","","","","","","","","","","","","4.635","","8.425","8.715","7.878","7.152","8.395","12.427","17.018","16.98","16.56","15.992","17.57","20.392","19.271","17.467","10.739","9.873","16.644","18.337","18.077","19.513","18.97","15.856","12.597","10.506","7.949","6.729","5.627","7.955","8.151","6.745","8.502","8.653","",
"Germany","DEU","Unemployment, youth total (% of total labor force ages 15-24) (national estimate)","SL.UEM.1524.NE.ZS","","","","","","","","","","","","","","","","","","","","","","","","10.617","10.322","9.8","7.836","7.482","6.816","5.527","4.576","5.513","5.97","7.673","8.962","8.467","9.635","10.671","9.79","8.884","8.546","7.788","9.29","11.034","12.995","15.461","13.4","11.815","10.925","11.311","10.435","8.943","8.129","7.832","7.618","7.341","7.093","6.786","6.234","5.869","7.864","6.586","5.989","5.969","6.91","",
"Djibouti","DJI","Unemployment, youth total (% of total labor force ages 15-24) (national estimate)","SL.UEM.1524.NE.ZS","","","","","","","","","","","","","","","","","","","","","","","","","","","","","","","","","","","","","","","","","","","","","","","","","","","","","","","","","","73.042","","","","","","","","",
"Dominica","DMA","Unemployment, youth total (% of total labor force ages 15-24) (national estimate)","SL.UEM.1524.NE.ZS","","","","","","","","","","","","","","","","","","","","","","","","","","","","","","20","","","","","","","","40.508","","34.235","","25.84","","","","","","","","","","","","","","","","","","","","","","","","",
"Denmark","DNK","Unemployment, youth total (% of total labor force ages 15-24) (national estimate)","SL.UEM.1524.NE.ZS","","","","","","","","","","","","","","","","","","","","","","","","18.87","13.96","11.522","8.137","8.93","8.541","11.498","11.526","11.502","12.337","14.608","10.179","9.923","10.586","8.093","7.172","9.951","6.724","8.251","7.074","9.828","7.787","8.614","7.682","7.524","9.516","13.475","15.596","16.352","15.814","14.808","14.231","12.175","12.175","12.409","10.544","10.058","11.656","10.833","10.573","11.517","14.594","",
"Dominican Republic","DOM","Unemployment, youth total (% of total labor force ages 15-24) (national estimate)","SL.UEM.1524.NE.ZS","","","","","","","","","","","","","","","","","","","","","","","","","","","","","","","","","","","","","","","","","12.541","13.689","12.864","13.619","13.052","13.659","10.872","12.49","10.595","12.548","10.826","13.908","14.931","17.414","13.425","16.52","16.749","13.491","14.982","16","14.916","17.029","13.056","11.847","13.231","12.662",
"Algeria","DZA","Unemployment, youth total (% of total labor force ages 15-24) (national estimate)","SL.UEM.1524.NE.ZS","","","","","","","","","","","","","","","","","","","","","","","","","","","","","","","","","","","","","","","","","","47.759","","","","31.076","24.299","27.413","23.805","21.259","21.544","22.433","27.538","24.802","25.237","29.839","25.716","29.016","","","","","","","","",
"East Asia & Pacific (excluding high income)","EAP","Unemployment, youth total (% of total labor force ages 15-24) (national estimate)","SL.UEM.1524.NE.ZS","","","","","","","","","","","","","","","","","","","","","","","","","","","","","","","","","","","","","","","","","10.7181125853568","","","","","","","","","","","","","","","","","","10.5356661771373","10.6707816840185","12.5239235502047","12.7989803688435","","","","",
"Early-demographic dividend","EAR","Unemployment, youth total (% of total labor force ages 15-24) (national estimate)","SL.UEM.1524.NE.ZS","","","","","","","","","","","","","","","","","","","","","","","","","","","","","","","","","","","","","","","","","11.7542919147361","","","","","14.3121347213877","","","","","12.4480023673401","","13.3594068152834","","","","","","21.0605439841457","18.9626419996289","21.0240690135989","17.7293213318532","16.6868020336984","14.7650530419005","15.26862811022","",
"East Asia & Pacific","EAS","Unemployment, youth total (% of total labor force ages 15-24) (national estimate)","SL.UEM.1524.NE.ZS","","","","","","","","","","","","","","","","","","","","","","","","","","","","","","","","","","","","","","","","","10.595003487268","","","","","","","","","","","","","","","","","","10.277978510596","10.4068443925756","12.1890791327496","12.3324851991329","","","","",
"Europe & Central Asia (excluding high income)","ECA","Unemployment, youth total (% of total labor force ages 15-24) (national estimate)","SL.UEM.1524.NE.ZS","","","","","","","","","","","","","","","","","","","","","","","","","","","","","","","","","","","","","","","","","","","","","18.2426379488445","19.4212136046877","","","","21.4533236257314","20.6474389225739","19.3856322088019","19.0018123327434","19.324048370227","22.0298566491053","19.9848325242521","21.4216270125777","19.164093395243","20.091610073036","22.1600916721121","19.9133853662215","21.2011518367816","","","","",
"Europe & Central Asia","ECS","Unemployment, youth total (% of total labor force ages 15-24) (national estimate)","SL.UEM.1524.NE.ZS","","","","","","","","","","","","","","","","","","","","","","","","","","","","","","","","","","","","","","","","","18.3679880047786","18.7619870079896","19.5949400313593","19.5126105397943","19.3688461140452","19.9629803174564","18.5250599482147","17.1257943479042","16.8595747835848","20.6730391694552","20.8846408000518","20.7341088586155","21.6505035466413","22.0401290776073","22.0563588440059","20.9046085332384","20.3224705580474","18.5160756759671","17.7841112458639","17.3949582206522","18.4833960641533","18.3708781414177","15.644968689543","15.1447114370243","14.830605172066","",
"Ecuador","ECU","Unemployment, youth total (% of total labor force ages 15-24) (national estimate)","SL.UEM.1524.NE.ZS","","","","","","","","","","","","","","","","","","","","","","","","","","","","","","","","","","","","","20.049","18.916","23.509","","9.743","8.394","","10.907","10.348","7.96","8.008","7.145","9.275","9.921","9.422","9.129","8.812","8.083","8.598","8.406","9.945","8.194","7.653","8.515","11.038","8.958","8.173","7.652","8.382","7.761",
"Egypt, Arab Rep.","EGY","Unemployment, youth total (% of total labor force ages 15-24) (national estimate)","SL.UEM.1524.NE.ZS","","","","","","","","","","","","","","","","","","","","","","","","","","","","","","","","","","","","","","","23.114","20.377","","27.7","27.102","","","34.084","29.868","24.796","25.036","24.783","24.307","29.3","34.431","34.109","32.235","31.559","30.88","29.605","24.807","19.256","17.436","17.619","18.871","16.912","15.254","",
"Euro area","EMU","Unemployment, youth total (% of total labor force ages 15-24) (national estimate)","SL.UEM.1524.NE.ZS","","","","","","","","","","","","","","","","","","","","","","","","22.048687971977","24.0650165861917","24.0610027350464","23.5920509363378","22.8173207565107","21.7753785304481","19.489066614479","18.3747759030603","18.700428102766","19.3114683592636","23.0661430034952","25.5142495609672","24.7725394509214","25.4618329863094","25.0699554946369","23.2137282697172","21.827180886836","19.2672491428164","17.2415467156466","17.8441704454627","18.1859003987688","18.7819653550654","19.3745219917494","18.1004885115686","16.3994602677098","17.0438627806931","21.8502123846673","23.0828805806506","23.7696686590969","26.5125602851087","27.752436550275","27.2711436993652","25.8145748595107","24.1608623590393","21.7908189590805","19.76074769333","18.4032543217472","20.5132804213266","19.7722545308777","17.0793483595379","16.7499755866439","16.7910526808838","",
"Eritrea","ERI","Unemployment, youth total (% of total labor force ages 15-24) (national estimate)","SL.UEM.1524.NE.ZS","","","","","","","","","","","","","","","","","","","","","","","","","","","","","","","","","","","","","","","","","","","","","","","","","","","","","","","","","","","","","","","","","","",
"Spain","ESP","Unemployment, youth total (% of total labor force ages 15-24) (national estimate)","SL.UEM.1524.NE.ZS","","","","","","","","","","","","","","","","","","12.482","17.556","21.556","28.392","34.686","38.607","41.862","46.271","47.896","46.465","43.461","41.116","34.312","31.845","30.512","33.081","42.248","44.946","41.852","41.82","39.101","35.443","29.132","25.251","20.699","21.5","22.281","22.456","19.63","17.892","18.089","24.452","37.729","41.481","46.191","52.857","55.477","53.198","48.332","44.436","38.566","34.34","32.532","38.263","35.004","29.667","28.666","26.519","24.869",
"Estonia","EST","Unemployment, youth total (% of total labor force ages 15-24) (national estimate)","SL.UEM.1524.NE.ZS","","","","","","","","","","","","","","","","","","","","","","","","","","","","","","","","","","","","","","18.672","14.87","22.057","21.136","24.003","20.239","26.853","25.661","15.146","12.121","10.096","12.022","27.391","32.921","22.375","20.857","18.677","14.965","14.354","14.135","12.188","12.097","11.657","18.489","16.712","18.561","17.301","19.126","",
"Ethiopia","ETH","Unemployment, youth total (% of total labor force ages 15-24) (national estimate)","SL.UEM.1524.NE.ZS","","","","","","","","","","","","","","","","","","","","","","","","","","","","","","","","","","","","","","","","5.417","","","","","","3.611","","","","","","","","3.532","","","","","","","","6.392","","","","",
"European Union","EUU","Unemployment, youth total (% of total labor force ages 15-24) (national estimate)","SL.UEM.1524.NE.ZS","","","","","","","","","","","","","","","","","","","","","","","","21.6457243581909","23.4458806298165","23.4252974681976","22.8533722460489","22.1464920946263","21.5531530184692","18.9487827686172","18.2577039775458","18.1081592612024","19.4602476075232","22.3823965492126","24.5904104715956","23.5452893402992","23.9494593084881","23.5122221344751","21.7534903382372","21.7943758682923","20.5318951031014","20.0865673117481","21.0532058076354","21.0008470691991","21.3840957997055","21.4681518076491","19.5723827298338","16.9998209663631","16.9278133305068","21.511207677691","22.9724780313087","23.7758634240524","25.9938013518877","27.0052108311844","26.0231792760229","24.271818620725","22.4652260674388","20.1380596701257","18.1598438763926","17.0147455759161","19.0608029228746","18.777699170404","16.4001966422991","16.2664157422146","16.5107624937179","",
"Fragile and conflict affected situations","FCS","Unemployment, youth total (% of total labor force ages 15-24) (national estimate)","SL.UEM.1524.NE.ZS","","","","","","","","","","","","","","","","","","","","","","","","","","","","","","","","","","","","","","","","","","","","","","","","","","","","","","","","","","","","","","","","","","",
"Finland","FIN","Unemployment, youth total (% of total labor force ages 15-24) (national estimate)","SL.UEM.1524.NE.ZS","","","","","","","","","","","","","","","","","","","","11.893","9.024","10.098","9.885","","9.79","9.091","9.479","8.916","7.848","8.418","","","","","","41.186","41.559","35.426","34.638","28.591","28.353","26.598","28.216","27.813","27.527","26.996","26.046","16.509","16.45","21.51","21.397","20.064","18.96","19.921","20.545","22.446","20.149","20.127","17.027","17.201","21.329","17.119","14.19","16.162","18.787","",
"Fiji","FJI","Unemployment, youth total (% of total labor force ages 15-24) (national estimate)","SL.UEM.1524.NE.ZS","","","","","","","","","","","","","","","","","","","","","","","14.683","","","","","","","","","","","","","","13.116","","","","","","","","","9.801","","18.689","","","","14.154","","","18.121","","15.399","","","","","","","","16.535","",
"France","FRA","Unemployment, youth total (% of total labor force ages 15-24) (national estimate)","SL.UEM.1524.NE.ZS","","","","","","","","","","","","","","","","","","","","","","","","19.809","24.575","25.746","23.91","23.428","22.145","19.541","19.806","19.737","21.686","25.532","28.787","27.086","27.55","28.941","26.171","26.318","20.629","18.009","18.935","17.25","19.758","21.305","22.538","19.704","19.287","24.121","23.68","23.104","25.051","24.619","25.087","25.552","25.25","22.834","21.167","20.131","20.605","19.5","18.104","17.634","19.342","",
"Faroe Islands","FRO","Unemployment, youth total (% of total labor force ages 15-24) (national estimate)","SL.UEM.1524.NE.ZS","","","","","","","","","","","","","","","","","","","","","","","","","","","","","","","","","","","","","","","","","","","","","","9.637","6.011","3.146","7.864","11.336","17.407","12.578","9.346","9.86","","","","","","","","","","","","",
"Micronesia, Fed. Sts.","FSM","Unemployment, youth total (% of total labor force ages 15-24) (national estimate)","SL.UEM.1524.NE.ZS","","","","","","","","","","","","","","","","","","","","","","","","","","","","","","","","","","","","","","","","","","","","","","","","","","","","","","","18.878","","","","","","","","","","","",
"Gabon","GAB","Unemployment, youth total (% of total labor force ages 15-24) (national estimate)","SL.UEM.1524.NE.ZS","","","","","","","","","","","","","","","","","","","","","","","","","","","","","","","","","","40.964","","","","","","","","","","","","","","","","","35.697","","","","","","","","","","","","","","","",
"United Kingdom","GBR","Unemployment, youth total (% of total labor force ages 15-24) (national estimate)","SL.UEM.1524.NE.ZS","","","","","","","","","","","","","","","","","","","","","","","","20.224","19.095","18.245","18.525","16.214","13.243","10.343","10.421","13.881","15.677","17.484","16.355","15.546","14.945","13.601","12.461","12.424","12.03","10.328","10.916","11.364","10.722","13.1","14.271","14.632","15.383","19.512","20.34","21.683","22.089","20.986","17.582","15.232","13.255","12.572","11.707","10.754","13.624","12.961","10.664","11.959","14.29","15.2",
"Georgia","GEO","Unemployment, youth total (% of total labor force ages 15-24) (national estimate)","SL.UEM.1524.NE.ZS","","","","","","","","","","","","","","","","","","","","","","","","","","","","","","","","","","","","","","","","24.574","21.118","20.07","27.926","24.928","28.298","28.286","","31.513","37.549","44.278","41.544","41.867","38.227","41.033","38.19","36.87","36.033","28.887","29.902","30.355","31.291","29.95","28.971","25.791","21.358","",
"Ghana","GHA","Unemployment, youth total (% of total labor force ages 15-24) (national estimate)","SL.UEM.1524.NE.ZS","","","","","","","","","","","","","","","","","","","","","","","","","","","","","","","","5.63","","","","","","","15.9","","16.726","","","","","","10.03","","","","11.349","","","4.627","","15.177","","6.226","","","","1.156","5.191","6.863","9.994","",
"Gibraltar","GIB","Unemployment, youth total (% of total labor force ages 15-24) (national estimate)","SL.UEM.1524.NE.ZS","","","","","","","","","","","","","","","","","","","","","","","","","","","","","","","","","","","","","","","","","","","","","","","","","","","","","","","","","","","","","","","","","","",
"Guinea","GIN","Unemployment, youth total (% of total labor force ages 15-24) (national estimate)","SL.UEM.1524.NE.ZS","","","","","","","","","","","","","","","","","","","","","","","","","","","","","","","","","","","","","","","","","","","5.668","","","","","","","","","","","","5.888","","","","","7.137","","","","","","",
"Gambia, The","GMB","Unemployment, youth total (% of total labor force ages 15-24) (national estimate)","SL.UEM.1524.NE.ZS","","","","","","","","","","","","","","","","","","","","","","","","","","","","","","","","","","","","","","","","","","","","","","","","","","","","","12.473","","","","","","7.019","","","","","10.641","","",
"Guinea-Bissau","GNB","Unemployment, youth total (% of total labor force ages 15-24) (national estimate)","SL.UEM.1524.NE.ZS","","","","","","","","","","","","","","","","","","","","","","","","","","","","","","","","","","","","","","","","","","","","","","","","","","","","","","","","","","","3.849","2.637","","","2.837","","","",
"Equatorial Guinea","GNQ","Unemployment, youth total (% of total labor force ages 15-24) (national estimate)","SL.UEM.1524.NE.ZS","","","","","","","","","","","","","","","","","","","","","","","","","","","","","","","","","","","","","","","","","","","","","","","","","","","","","","","","","","","","","","","","","","",
"Greece","GRC","Unemployment, youth total (% of total labor force ages 15-24) (national estimate)","SL.UEM.1524.NE.ZS","","","","","","","","","","","","","","","","","","","","","","14.216","19.542","23.058","23.95","24.177","24.245","25.456","26.439","25.091","23.545","24.491","27.512","30.828","29.651","31.124","32.417","32.844","32.42","31.739","29.299","28.103","26.974","26.753","26.8","26.023","24.859","22.883","21.764","25.609","33.148","45.125","55.827","58.664","52.768","49.841","47.347","43.529","40.142","34.894","33.871","35.525","31.369","26.618","22.418","",
"Grenada","GRD","Unemployment, youth total (% of total labor force ages 15-24) (national estimate)","SL.UEM.1524.NE.ZS","","","","","","","","","","","","","","","","","","","","","","","","","","","","","","","","27.035","","","44.455","","30.146","","31.472","","","","","","","","","","","","","","","","","","","","25.381","23.026","26.361","33.5","","18.137","","",
"Greenland","GRL","Unemployment, youth total (% of total labor force ages 15-24) (national estimate)","SL.UEM.1524.NE.ZS","","","","","","","","","","","","","","","","","","","","","","","","","","","","","","","","","","","","","","","","","","","","","","","","","","","13.419","16.582","17.464","17.011","18.455","15.653","","","","","","","","","","",
"Guatemala","GTM","Unemployment, youth total (% of total labor force ages 15-24) (national estimate)","SL.UEM.1524.NE.ZS","","","","","","","","","","","","","","","","","","","","","","","","","","","","","","","","","","","","","","","","","","","3.466","4.426","5.487","","3.707","","","","5.382","7.535","4.73","5.62","5.852","5.698","5.693","5.03","4.75","4.572","","3.871","6.591","4.339","3.819","",
"Guam","GUM","Unemployment, youth total (% of total labor force ages 15-24) (national estimate)","SL.UEM.1524.NE.ZS","","","","","","","","","","","","","","","","","","","","","","","","23.529","","","16.387","","","","","","","","","","","","","","","","28.224","","12.557","13.193","15.787","19.215","","26.034","","29.396","","","","","","","","","","","","","","",
"Guyana","GUY","Unemployment, youth total (% of total labor force ages 15-24) (national estimate)","SL.UEM.1524.NE.ZS","","","","","","","","","","","","","","","","","","","","","","","","","","","","25.537","","","","","26.8","","","","","","","","","","24.078","","","","","","","","","","","","","","","","25.592","26.685","","","","","","",
"High income","HIC","Unemployment, youth total (% of total labor force ages 15-24) (national estimate)","SL.UEM.1524.NE.ZS","","","","","","","","","","","","","","","","","","","","","","","","17.2750217899781","16.7415971849825","16.5027602527521","16.0583580918069","15.2539020680613","14.1760656715024","12.8218786062064","12.641986378863","13.7311040732054","14.749927292074","15.5099549938369","15.8103132247993","15.7644932053828","16.0883735434099","16.1710837678261","15.3214646391652","15.1880544332569","14.3370554985848","14.3277049524478","15.291763713844","15.5732703641969","15.2753299061318","15.0539753127935","14.3427901770988","13.6677334202236","14.2012438287969","18.2230623244918","18.1660453767152","17.7538612363696","18.4150620141306","18.3199660319331","17.2445629250174","15.8261620815776","14.7469067435816","14.0617560974824","13.1831078981573","12.5100967012618","16.1990166165448","13.7155259560819","11.7837203144531","11.3193670953872","11.5305693382318","",
"Hong Kong SAR, China","HKG","Unemployment, youth total (% of total labor force ages 15-24) (national estimate)","SL.UEM.1524.NE.ZS","","","","","","","","","","","","","","","","","","","","6.46","7.083","4.343","5.972","6.77","6.618","5.952","5.73","3.853","3.386","2.762","3.425","4.2","4.33","4.49","4.34","6.87","6.65","5.21","10.54","","11.19","11.27","14.95","14.97","12.14","10.72","10.4","8.99","8.54","12.55","12.158","9.306","9.268","9.487","9.248","10.483","9.761","8.557","8.75","8.541","15.556","12.819","11.044","8.928","9.451","",
"Honduras","HND","Unemployment, youth total (% of total labor force ages 15-24) (national estimate)","SL.UEM.1524.NE.ZS","","","","","","","","","","","","","","","","","","","","","","","","","","","","","","","","","","","","","","","","","","","","","","8.743","6.221","5.533","5.539","5.989","7.482","8.019","6.956","9.902","11.87","11.021","12.601","10.785","10.658","10.93","17.845","14.349","13.803","10.805","8.666","8.371",
"Heavily indebted poor countries (HIPC)","HPC","Unemployment, youth total (% of total labor force ages 15-24) (national estimate)","SL.UEM.1524.NE.ZS","","","","","","","","","","","","","","","","","","","","","","","","","","","","","","","","","","","","","","","","","","","","","","","","","","","","","","","","","","","","","","","","","","",
"Croatia","HRV","Unemployment, youth total (% of total labor force ages 15-24) (national estimate)","SL.UEM.1524.NE.ZS","","","","","","","","","","","","","","","","","","","","","","","","","","","","","","","","40.216","","","","","","","","","","","36.306","35.818","32.763","32.263","28.878","25.18","23.682","25.238","32.373","36.655","42.496","50.5","45.724","42.325","30.945","27.388","23.452","16.677","20.641","21.531","17.75","18.946","16.796","",
"Haiti","HTI","Unemployment, youth total (% of total labor force ages 15-24) (national estimate)","SL.UEM.1524.NE.ZS","","","","","","","","","","","","","","","","","","","","","","","","","","","","","","","25.893","","","","","","","","","17.9","","","","44.685","","","","","","","","","","","","","","","","","","","","","","",
"Hungary","HUN","Unemployment, youth total (% of total labor force ages 15-24) (national estimate)","SL.UEM.1524.NE.ZS","","","","","","","","","","","","","","","","","","","","","","","","","","","","","","","","","","","","","19.387","16.863","15.19","12.255","12.261","10.707","11.419","12.855","14.4","19.377","19.147","18.026","19.506","26.424","26.415","25.978","28.199","26.565","20.393","17.279","12.926","10.706","10.171","11.539","12.949","13.65","10.587","12.809","15.158","",
"IBRD only","IBD","Unemployment, youth total (% of total labor force ages 15-24) (national estimate)","SL.UEM.1524.NE.ZS","","","","","","","","","","","","","","","","","","","","","","","","","","","","","","","","","","","","","","","","","11.0439200311735","","","","","","","","","","","","14.0974865946219","","","","","","19.1961418286893","18.1255878563792","19.9015302488074","18.5968768588483","17.253604142724","","","",
"IDA & IBRD total","IBT","Unemployment, youth total (% of total labor force ages 15-24) (national estimate)","SL.UEM.1524.NE.ZS","","","","","","","","","","","","","","","","","","","","","","","","","","","","","","","","","","","","","","","","","","","","","","","","","","","","","","","","","","","18.0096533550507","16.3577401125423","18.512092748412","17.1853902997381","","","","",
"IDA total","IDA","Unemployment, youth total (% of total labor force ages 15-24) (national estimate)","SL.UEM.1524.NE.ZS","","","","","","","","","","","","","","","","","","","","","","","","","","","","","","","","","","","","","","","","","","","","","","","","","","","","","","","","","","","","","","","","","","",
"IDA blend","IDB","Unemployment, youth total (% of total labor force ages 15-24) (national estimate)","SL.UEM.1524.NE.ZS","","","","","","","","","","","","","","","","","","","","","","","","","","","","","","","","","","","","","","","","","","","","","","","","","","","","5.37301898899916","","7.68833352726817","5.92887915949549","7.18200404133642","8.14476626535973","","","9.57572367682415","","","","","","",
"Indonesia","IDN","Unemployment, youth total (% of total labor force ages 15-24) (national estimate)","SL.UEM.1524.NE.ZS","","","","","","","","","","","","","","","","","","","","","","","","","","","","","","","7.954","8.209","8.585","8.915","13.61","","15.45","15.514","17.132","19.844","19.862","19.862","22.449","22.083","24.417","26.219","24.536","22.604","19.531","18.888","17.565","18.395","15.486","15.732","15.725","17.026","15.821","14.451","16.284","13.578","14.799","13.867","14.141","13.119","","",
"IDA only","IDX","Unemployment, youth total (% of total labor force ages 15-24) (national estimate)","SL.UEM.1524.NE.ZS","","","","","","","","","","","","","","","","","","","","","","","","","","","","","","","","","","","","","","","","","","","","","","","","","","","","","","","","","","","","","","","","","","",
"Isle of Man","IMN","Unemployment, youth total (% of total labor force ages 15-24) (national estimate)","SL.UEM.1524.NE.ZS","","","","","","","","","","","","","","","","","","","","","","","","","","","","","","","","7.553","","","","","7.554","","","","","3.975","","","","","7.287","","","","","10.123","","","","","7.172","","","","","","","","","",
"India","IND","Unemployment, youth total (% of total labor force ages 15-24) (national estimate)","SL.UEM.1524.NE.ZS","","","","","","","","","","","","","","","","","","","","","","","","","","","","","","","","","","","6.23","","","","","","8.064","","","","","9.049","","","","","9.603","","9.872","","","","","","26.171","22.689","24.541","20.684","17.856","15.469","15.562","",
"Not classified","INX","Unemployment, youth total (% of total labor force ages 15-24) (national estimate)","SL.UEM.1524.NE.ZS","","","","","","","","","","","","","","","","","","","","","","","","","","","","","","","","","","","","","","","","","","","","","","","","","","","","","","","","","","","","","","","","","","",
"Ireland","IRL","Unemployment, youth total (% of total labor force ages 15-24) (national estimate)","SL.UEM.1524.NE.ZS","","","","","","","","","","","","","","","","","","","","","","","","21.311","23.372","24.988","26.172","25.961","25.205","21.814","19.714","23.101","22.731","25.003","23.014","18.961","18.122","15.906","11.435","8.563","6.527","6.177","7.818","8.131","8.287","8.249","8.27","9.157","13.467","24.5","28.144","29.587","30.797","26.736","23.416","20.229","16.8","14.409","13.754","12.458","15.262","15.669","9.444","10.246","12.374","",
"Iran, Islamic Rep.","IRN","Unemployment, youth total (% of total labor force ages 15-24) (national estimate)","SL.UEM.1524.NE.ZS","","","","","","","","","","","","","","","","","","","","","","","","","","","","","","","","","","","","","","","","","","","","","","23.539","23.659","22.43","23.13","24.798","28.739","26.639","26.857","24.143","25.246","26.226","29.309","28.471","27.715","26.074","23.728","23.708","22.63","21.187","20.158","",
"Iraq","IRQ","Unemployment, youth total (% of total labor force ages 15-24) (national estimate)","SL.UEM.1524.NE.ZS","","","","","","","","","","","","","","","","","","","","","","","","","","","","","","","","","","","","","","","","","","","","","","","","17.276","","","","","16.057","","19.986","","22.672","25.573","","","","35.37","","","","",
"Iceland","ISL","Unemployment, youth total (% of total labor force ages 15-24) (national estimate)","SL.UEM.1524.NE.ZS","","","","","","","","","","","","","","","","","","","","","","","","","","","","","","","","","","","","12.184","8.689","8.107","7.006","4.29","4.394","5.068","6.355","12.453","12.113","7.369","8.289","7.014","8.2","15.856","16.225","14.441","13.534","10.638","9.787","8.825","6.512","7.867","6.078","8.74","10.03","12.069","8.652","8.759","9.087","",
"Israel","ISR","Unemployment, youth total (% of total labor force ages 15-24) (national estimate)","SL.UEM.1524.NE.ZS","","","","","","","","","","","","","","","7.798","","9.832","","9.87","8.043","13.253","14.331","14.06","12.831","16.253","17.313","18.917","15.378","15.764","20.647","","","","","","","","","","","","","","","","","18.242","16.053","12.634","14.587","13.688","11.582","12.065","10.459","10.495","9.252","8.567","7.194","7.067","6.561","7.692","7.682","6.765","5.917","4.561","",
"Italy","ITA","Unemployment, youth total (% of total labor force ages 15-24) (national estimate)","SL.UEM.1524.NE.ZS","","","","","","","","","","","","","","","","","","","24.813","25.365","25.024","","29.433","28.895","31.473","32.083","33.307","33.732","33.255","31.785","28.947","28.15","28.317","30.163","31.789","33.47","34.735","34.557","33.765","32.95","31.465","27.834","27.14","26.803","24.443","24.118","21.763","20.361","21.204","25.34","27.903","29.157","35.316","40.041","42.681","40.324","37.769","34.742","32.21","29.125","29.654","29.676","23.703","22.726","20.316","",
"Jamaica","JAM","Unemployment, youth total (% of total labor force ages 15-24) (national estimate)","SL.UEM.1524.NE.ZS","","","","","","","","","","","","","","","","35.352","40.594","","43.525","","93.02","45.148","48.683","","","85.13","","","57.501","","31.759","","28.273","29.5","27.297","34.137","34.414","33.451","33.192","33.998","","33.065","","21.252","28.086","","","","18.208","19.531","21.431","21.218","24.234","27.463","26.217","","24.115","20.987","17.174","15.041","18.875","15.614","12.029","9.076","","",
"Jordan","JOR","Unemployment, youth total (% of total labor force ages 15-24) (national estimate)","SL.UEM.1524.NE.ZS","","","","","","","","","","","","","","","","","","","","","","","","","","","","","","","","","","","","","","","","","","","","","","","","","","","","","","","","30.9","35.625","35.244","38.868","37.315","42.959","43.738","41.917","39.233","","",
"Japan","JPN","Unemployment, youth total (% of total labor force ages 15-24) (national estimate)","SL.UEM.1524.NE.ZS","","","","","","","","","1.8","1.9","2","2","2.5","2.2","2.4","3.1","3.1","3.5","3.8","3.7","3.6","3.9","4.4","4.5","4.9","4.8","5.2","5.2","4.9","4.6","4.3","4.5","4.4","5","5.6","6.1","6.6","6.7","7.7","9.1","9.19","9.581","10.037","10.167","9.538","8.677","8.271","7.844","7.29","9.179","9.432","8.304","8.223","6.801","6.291","5.467","5.114","4.61","3.666","3.934","4.676","4.707","4.438","4.1","4","3.8",
"Kazakhstan","KAZ","Unemployment, youth total (% of total labor force ages 15-24) (national estimate)","SL.UEM.1524.NE.ZS","","","","","","","","","","","","","","","","","","","","","","","","","","","","","","","","","","","","","","","","","","","17.334","14.527","14.272","","","","7.406","6.679","5.206","4.574","3.926","3.914","","4.091","","3.78","","","3.776","","3.814","","","",
"Kenya","KEN","Unemployment, youth total (% of total labor force ages 15-24) (national estimate)","SL.UEM.1524.NE.ZS","","","","","","","","","","","","","","","","","","","","","","","","","","","","","","","","","","","","","","","","21.285","","","","","","19.653","","","","","","","","","","","7.355","","","12.854","","12.335","16.704","","","",
"Kyrgyz Republic","KGZ","Unemployment, youth total (% of total labor force ages 15-24) (national estimate)","SL.UEM.1524.NE.ZS","","","","","","","","","","","","","","","","","","","","","","","","","","","","","","","","","","","","","","","","","","","20.084","","15.242","14.453","14.566","","","16.845","16.57","15.315","12.952","8.866","8.591","7.748","8.056","7.048","9.574","12.85","11.877","11.665","10.953","8.464","","",
"Cambodia","KHM","Unemployment, youth total (% of total labor force ages 15-24) (national estimate)","SL.UEM.1524.NE.ZS","","","","","","","","","","","","","","","","","","","","","","","","","","","","","","","","","","","","","1.404","0.954","12.177","","5.343","3.59","","1.461","","","","2.071","1.339","0.803","0.967","0.599","1.581","0.754","1.045","0.731","1.115","0.383","","1.657","0.476","0.833","","0.737","","",
"Kiribati","KIR","Unemployment, youth total (% of total labor force ages 15-24) (national estimate)","SL.UEM.1524.NE.ZS","","","","","","","","","","","","","","","","","","","","","","","","","","","","","","","","","","","","","","","","","","","","","","39.332","","","","","","","","","","17.116","","","","22.29","27.013","","","7.657","","",
"St. Kitts and Nevis","KNA","Unemployment, youth total (% of total labor force ages 15-24) (national estimate)","SL.UEM.1524.NE.ZS","","","","","","","","","","","","","","","","","","","","","18.367","","","","","","","","","","","10.318","","","","","","","","","","11.025","","","","","","","","","","","","","","","","","","","","","","","","",
"Korea, Rep.","KOR","Unemployment, youth total (% of total labor force ages 15-24) (national estimate)","SL.UEM.1524.NE.ZS","","","","","","","","","","","","","","","","8.98","","","","","","","","","","","","","","","","","","","","","","","","","10.213","9.558","8.095","9.674","10.088","9.557","9.125","8.013","8.823","9.374","8.66","8.423","7.847","9.083","8.717","10.043","10.286","9.918","10.248","9.953","10.26","8.124","6.7","5.437","6.48","5.705",
"Kuwait","KWT","Unemployment, youth total (% of total labor force ages 15-24) (national estimate)","SL.UEM.1524.NE.ZS","","","","","","","","","","","","","","","","","","","","","","","","4.738","","","","","","","","","","","","","","","","","","","","","","11.322","","","","","","14.555","","","13.9","15.312","15.427","","","","","","","","","",
"Latin America & Caribbean (excluding high income)","LAC","Unemployment, youth total (% of total labor force ages 15-24) (national estimate)","SL.UEM.1524.NE.ZS","","","","","","","","","","","","","","","","","","","","","","","","","","","","","","","","","","","","","","","","","","","15.35839566331","16.367353683173","16.6679332727178","16.4833770358136","14.2395189953799","14.0939960935954","14.0102132423925","15.5577667064838","","13.96407454697","12.9277402133075","13.1923350467291","12.9829436021784","13.7392727215838","16.637193580776","17.4442382932373","17.3276982629022","17.3410645342787","21.032956714342","18.2247089967872","14.2794018881236","12.6932139585003","10.87514053577","",
"Lao PDR","LAO","Unemployment, youth total (% of total labor force ages 15-24) (national estimate)","SL.UEM.1524.NE.ZS","","","","","","","","","","","","","","","","","","","","","","","","","","","","","","","","","","","","","","","","","","","","","","","","","","","1.768","","","","","4.011","","5.94","","","","","2.258","","","",
"Lebanon","LBN","Unemployment, youth total (% of total labor force ages 15-24) (national estimate)","SL.UEM.1524.NE.ZS","","","","","","","","","","","","","","","","","","","","","","","","","","","","","","","","","","","","","","","","","","","","","19.879","","","22.101","","","","","","","","","","","","23.316","","","","","","",
"Liberia","LBR","Unemployment, youth total (% of total labor force ages 15-24) (national estimate)","SL.UEM.1524.NE.ZS","","","","","","","","","","","","","","","","","","","","","","","","","","","","","","","","","","","","","","","","","","","","","","","","","","","3.306","","","","1.545","","2.304","8.832","","","","","","","","",
"Libya","LBY","Unemployment, youth total (% of total labor force ages 15-24) (national estimate)","SL.UEM.1524.NE.ZS","","","","","","","","","","","","","","","","","","","","","","","","","","","","","","","","","","","","","","","","","","","","","","","","","","","","","48.7","","","","","","","","","","","","","",
"St. Lucia","LCA","Unemployment, youth total (% of total labor force ages 15-24) (national estimate)","SL.UEM.1524.NE.ZS","","","","","","","","","","","","","","","","","","","","","","","","","","","","","","","","","","","","","","","","","","","","39.364","40.757","38.626","34.858","27.405","","","","","","","","","38.547","45.618","42.987","37.305","43.878","44.951","32.089","32.556","21.933","",
"Latin America & Caribbean","LCN","Unemployment, youth total (% of total labor force ages 15-24) (national estimate)","SL.UEM.1524.NE.ZS","","","","","","","","","","","","","","","","","","","","","","","","","","","","","","","","","","","","","","","","","","","15.5924111288434","16.6873091205252","16.7682573848526","16.6865593026597","14.5348574591296","14.1430564783533","13.9905580102588","15.6954868833987","","14.2225293088979","13.2506095714239","13.3680482501137","13.2085226659848","13.9642373962221","16.3753065150453","17.2214569147421","17.4604898705047","17.5582497282206","21.1783189838328","18.5509768727649","14.6058196491947","13.1320543208591","11.3742633215842","",
"Least developed countries: UN classification","LDC","Unemployment, youth total (% of total labor force ages 15-24) (national estimate)","SL.UEM.1524.NE.ZS","","","","","","","","","","","","","","","","","","","","","","","","","","","","","","","","","","","","","","","","","","","","","","","","","","","","","","","","","","","","","","","","","","",
"Low income","LIC","Unemployment, youth total (% of total labor force ages 15-24) (national estimate)","SL.UEM.1524.NE.ZS","","","","","","","","","","","","","","","","","","","","","","","","","","","","","","","","","","","","","","","","","","","","","","","","","","","","","","","","","","","","","","","","","","",
"Liechtenstein","LIE","Unemployment, youth total (% of total labor force ages 15-24) (national estimate)","SL.UEM.1524.NE.ZS","","","","","","","","","","","","","","","","","","","","","","","","","","","","","","","","","","","","","","","","","","","","","","","","","3.021","3.689","3.672","4.337","4.182","4.297","4.651","4.749","","2.991","","","","","","","","",
"Sri Lanka","LKA","Unemployment, youth total (% of total labor force ages 15-24) (national estimate)","SL.UEM.1524.NE.ZS","","","","","","","","","","","","","","","","","","","","","","","","","","","","","","","","","","35.61","34.856","35.179","32.919","32.133","26.124","26.797","23.646","","","26.213","26.53","26.357","21.623","21.223","18.53","21.255","18.967","16.809","17.293","18.437","19.714","20.137","21.048","18.016","21.065","21.031","25.923","25.884","22.074","22.587","","",
"Lower middle income","LMC","Unemployment, youth total (% of total labor force ages 15-24) (national estimate)","SL.UEM.1524.NE.ZS","","","","","","","","","","","","","","","","","","","","","","","","","","","","","","","","","","","","","","","","","9.32031088023717","","","","","11.611405058013","","","","","9.2379768169546","","10.6551464184539","","","","","","21.1249475658742","17.442543220649","20.3791513503559","17.8295081190801","15.1645362474708","13.0918984966715","13.2740775101983","",
"Low & middle income","LMY","Unemployment, youth total (% of total labor force ages 15-24) (national estimate)","SL.UEM.1524.NE.ZS","","","","","","","","","","","","","","","","","","","","","","","","","","","","","","","","","","","","","","","","","","","","","","","","","","","","","","","","","","","18.0862849508541","16.4054287462276","18.5659331505762","17.5509545587951","","","","",
"Lesotho","LSO","Unemployment, youth total (% of total labor force ages 15-24) (national estimate)","SL.UEM.1524.NE.ZS","","","","","","","","","","","","","","","","","","","","","","","","","","","","","","","","","","","","","","","","33.539","","","","","","","","","48.619","","","","","34.43","","","","","","25.589","","","","","31.079","",
"Late-demographic dividend","LTE","Unemployment, youth total (% of total labor force ages 15-24) (national estimate)","SL.UEM.1524.NE.ZS","","","","","","","","","","","","","","","","","","","","","","","","","","","","","","","","","","","","","","","","","10.4888713161928","","","","","","","","","","","","","","","","","","13.4118915233682","14.120198521473","16.3344059584274","16.487043107899","","","","",
"Lithuania","LTU","Unemployment, youth total (% of total labor force ages 15-24) (national estimate)","SL.UEM.1524.NE.ZS","","","","","","","","","","","","","","","","","","","","","","","","","","","","","","","","","","","","","","25.787","25.244","25.46","28.557","31.581","20.445","26.922","20.262","15.764","9.985","8.397","13.347","29.553","35.712","32.576","26.674","21.891","19.252","16.299","14.455","13.264","11.114","11.854","19.561","14.311","11.927","13.812","16.214","",
"Luxembourg","LUX","Unemployment, youth total (% of total labor force ages 15-24) (national estimate)","SL.UEM.1524.NE.ZS","","","","","","","","","","","","","","","","","","","","","","","","6.715","5.317","6.463","6.061","5.369","4.715","3.338","3.601","2.633","3.678","4.354","7.898","7.248","9.233","7.271","6.413","6.752","6.381","6.34","6.96","10.927","16.911","13.689","16.176","15.189","17.868","16.82","13.959","18.101","16.638","16.344","24.497","17.521","22.042","15.44","14.182","16.985","23.196","18.684","17.601","18.817","21.588","",
"Latvia","LVA","Unemployment, youth total (% of total labor force ages 15-24) (national estimate)","SL.UEM.1524.NE.ZS","","","","","","","","","","","","","","","","","","","","","","","","","","","","","","","","","","","","","34.108","25.858","26.984","23.548","21.272","24.19","25.289","20.442","21.82","15.146","13.616","10.553","13.622","33.338","36.151","31","28.53","23.218","19.621","16.326","17.286","16.986","12.2","12.422","14.874","14.791","15.275","12.323","13.592","",
"Macao SAR, China","MAC","Unemployment, youth total (% of total labor force ages 15-24) (national estimate)","SL.UEM.1524.NE.ZS","","","","","","","","","","","","","","","","","","","","","","","","","","","","","","","","","4.104","3.815","5.649","6.116","7.246","8.4","10.744","","10.895","10.037","11.523","12.876","11.067","8.228","7.123","6.149","6.074","7.765","5.528","5.825","5.542","4.199","5.337","4.459","5.137","5.298","5.258","5.167","8.032","","","","","",
"St. Martin (French part)","MAF","Unemployment, youth total (% of total labor force ages 15-24) (national estimate)","SL.UEM.1524.NE.ZS","","","","","","","","","","","","","","","","","","","","","","","","","","","","","","","","","","","","","","","","","","","","","","","","","","","","","","","","","","","","","","","","","","",
"Morocco","MAR","Unemployment, youth total (% of total labor force ages 15-24) (national estimate)","SL.UEM.1524.NE.ZS","","","","","","","","","","","","","","","","","","","","","","","20.471","","","","","","","","31.134","","","","31.862","","","","35.02","20.487","","18.902","17.63","17.022","15.394","15.696","16.562","15.58","18.254","16.65","17.62","17.917","18.606","19.129","19.94","20.8","22.24","","","","","31.8","32.65","","","",
"Monaco","MCO","Unemployment, youth total (% of total labor force ages 15-24) (national estimate)","SL.UEM.1524.NE.ZS","","","","","","","","","","","","","","","","","","","","","","","","","","","","","","","","","","","","","","","","","6.911","","","","","","","","","","","","","","","","26.646","","","","","","","","","",
"Moldova","MDA","Unemployment, youth total (% of total labor force ages 15-24) (national estimate)","SL.UEM.1524.NE.ZS","","","","","","","","","","","","","","","","","","","","","","","","","","","","","","","","","","","","","","","","","15.897","16.372","15.24","14.786","15.432","14.568","9.742","7.551","5.851","6.623","5.646","4.836","3.439","2.947","2.296","3.329","3.011","3.91","3.202","3.253","4.057","1.8","2.921","4.08","4.599","",
"Madagascar","MDG","Unemployment, youth total (% of total labor force ages 15-24) (national estimate)","SL.UEM.1524.NE.ZS","","","","","","","","","","","","","","","","","","","","","","","","","","","","","","","","","","","","","","","","","","","","6.985","","2.263","","","","","6.247","","0.985","","","3.441","","","","","","","5.586","","","",
"Maldives","MDV","Unemployment, youth total (% of total labor force ages 15-24) (national estimate)","SL.UEM.1524.NE.ZS","","","","","","","","","","","","","","","","","","","","","","","","","","","","","","","","","","","","1.881","","","","","4.436","","","","","","","","","25.403","","","","","9.468","","15.124","","","13.874","","","","","","",
"Middle East, North Africa, Afghanistan & Pakistan","MEA","Unemployment, youth total (% of total labor force ages 15-24) (national estimate)","SL.UEM.1524.NE.ZS","","","","","","","","","","","","","","","","","","","","","","","","","","","","","","","","","","","","","","","","","","","","","","","15.1149882109912","15.1154655687609","14.5546384925135","14.7019736918069","15.6224814495221","15.9902824357443","18.5980747078648","18.0179064771605","17.1996804636537","17.954390022686","17.6452425737409","","16.3452253637024","15.9807620595957","18.7498921376059","17.5347693884902","","","","",
"Mexico","MEX","Unemployment, youth total (% of total labor force ages 15-24) (national estimate)","SL.UEM.1524.NE.ZS","","","","","","","","","","","","","","","","","","","","","","","","","","","","","","","","","","","","","","","","","","","6.127","7.117","8.2","6.924","7.044","7.172","7.648","10.066","9.729","9.801","9.392","9.448","9.472","8.563","7.664","6.881","6.85","7.197","8.04","7.556","6.374","5.786","5.702","",
"Marshall Islands","MHL","Unemployment, youth total (% of total labor force ages 15-24) (national estimate)","SL.UEM.1524.NE.ZS","","","","","","","","","","","","","","","","","","","","","","","","","","","","","","","","","","","","","","","","","","","","","","","","","","","","","","","","","","","","25.678","","24.913","","","","",
"Middle income","MIC","Unemployment, youth total (% of total labor force ages 15-24) (national estimate)","SL.UEM.1524.NE.ZS","","","","","","","","","","","","","","","","","","","","","","","","","","","","","","","","","","","","","","","","","10.8749769631913","","","","","","","","","","","","","","","","","","18.3413436342324","16.7147435608447","19.2128870903092","17.7881689554605","","","","",
"North Macedonia","MKD","Unemployment, youth total (% of total labor force ages 15-24) (national estimate)","SL.UEM.1524.NE.ZS","","","","","","","","","","","","","","","","","","","","","","","","","","","","","","","","","","","","","","","","","","","58.362","65.716","","62.049","60.15","58.19","56.749","55.091","55.179","55.14","53.918","51.865","53.361","47.804","48.87","47.182","45.911","35.598","35.846","36.332","32.617","29.69","28.668","",
"Mali","MLI","Unemployment, youth total (% of total labor force ages 15-24) (national estimate)","SL.UEM.1524.NE.ZS","","","","","","","","","","","","","","","","","","","","","","","","","","","","","","","","","","","","","","","","","","","","","","","","","","2.428","10.713","","","8.53","8.152","19.996","2.345","19.553","2.438","4.707","7.499","","11.561","14.463","10.544","",
"Malta","MLT","Unemployment, youth total (% of total labor force ages 15-24) (national estimate)","SL.UEM.1524.NE.ZS","","","","","","","","","","","","","","","","","","","","","","","","","","","","","","","","","","","","","","","","","11.844","17.648","15.313","17.365","18.297","16.121","15.487","13.538","11.657","14.526","13.243","13.341","13.85","12.732","11.688","11.639","10.7","10.579","9.359","10.063","11.535","9.857","9.008","9.248","9.156","",
"Myanmar","MMR","Unemployment, youth total (% of total labor force ages 15-24) (national estimate)","SL.UEM.1524.NE.ZS","","","","","","","","","","","","","","","","","","","","","","","","","","","","","","","","","","","","","","","","","","","","","","","","","","","","","","","9.282","1.591","","3.588","1.835","1.301","4.876","","","","","",
"Middle East, North Africa, Afghanistan & Pakistan (excluding high income)","MNA","Unemployment, youth total (% of total labor force ages 15-24) (national estimate)","SL.UEM.1524.NE.ZS","","","","","","","","","","","","","","","","","","","","","","","","","","","","","","","","","","","","","","","","","","","","","","","15.0748885756017","14.3375163359037","13.7463385715343","13.8137678736401","15.6653555743837","16.1091880963041","18.2242897489168","17.4796558119108","16.7093419442423","18.1829185046328","17.9743710635492","","","15.8961132031919","18.5278589906369","17.7162009671871","","","","",
"Montenegro","MNE","Unemployment, youth total (% of total labor force ages 15-24) (national estimate)","SL.UEM.1524.NE.ZS","","","","","","","","","","","","","","","","","","","","","","","","","","","","","","","","","","","","","","","","","","","","","","","","38.11","","","","37.058","44.038","41.751","35.831","37.577","35.916","31.695","29.43","25.183","35.954","36.962","29.493","23.363","26.03","",
"Mongolia","MNG","Unemployment, youth total (% of total labor force ages 15-24) (national estimate)","SL.UEM.1524.NE.ZS","","","","","","","","","","","","","","","","","","","","","","","","","","","","","","","","","","","","","","","","","","","","10.799","3.661","3.347","11.869","11.869","9.845","10.15","14.81","10.492","8.277","10.887","12.331","13.087","20.783","17.932","16.813","21.164","14.924","16.54","11.447","11.603","14.388","",
"Northern Mariana Islands","MNP","Unemployment, youth total (% of total labor force ages 15-24) (national estimate)","SL.UEM.1524.NE.ZS","","","","","","","","","","","","","","","","","","","","","","","","","","","","","","","","","","","","","","","","","","","","5.852","","","","","","","","","","","","","","","","","","","","","","",
"Mozambique","MOZ","Unemployment, youth total (% of total labor force ages 15-24) (national estimate)","SL.UEM.1524.NE.ZS","","","","","","","","","","","","","","","","","","","","","","","","","","","","","","","","","","","","","","","","","","","","","","","","","","","","","","","","7.407","","","","","","","11.727","","","",
"Mauritania","MRT","Unemployment, youth total (% of total labor force ages 15-24) (national estimate)","SL.UEM.1524.NE.ZS","","","","","","","","","","","","","","","","","","","","","","","","","","","","","","","","","","","","","","","","","","","","","","","","","","","","","15.224","","","","","21.154","","22.765","","","","","","",
"Mauritius","MUS","Unemployment, youth total (% of total labor force ages 15-24) (national estimate)","SL.UEM.1524.NE.ZS","","","","","","","","","","","","","","","","","","","","","","","","","","","","","","","","","","","","23.77","","","","","","27.632","25.597","17.358","24.696","25.776","23.386","24.702","19.318","21.587","23.657","21.621","23.537","22.121","24.641","25.439","22.797","24","23.867","21.794","24.547","24.547","21.436","16.192","15.582","",
"Malawi","MWI","Unemployment, youth total (% of total labor force ages 15-24) (national estimate)","SL.UEM.1524.NE.ZS","","","","","","","","","","","","","","","","","","","","","","","","","","","","","","","","","","","","","","","","","","","","","","1.497","","","","","","2.294","","6.813","","","","5.196","","","1.234","","","","19.151","",
"Malaysia","MYS","Unemployment, youth total (% of total labor force ages 15-24) (national estimate)","SL.UEM.1524.NE.ZS","","","","","","","","","","","12.101","","","","","","","","","","3.976","","","","","","","","","","","1.239","","","","","","","","","","","","","","","","10.893","10.918","11.895","11.398","9.7","9.942","9.777","9.514","10.658","10.456","10.764","10.919","10.524","12.022","11.256","11.734","","","",
"North America","NAC","Unemployment, youth total (% of total labor force ages 15-24) (national estimate)","SL.UEM.1524.NE.ZS","11.2","13","11.3","12.2","11.5","10.1","8.6","8.7","8.7","8.4","11","12.7","12.1","10.5","11.9","16.1","14.4672760814474","13.622318375172","12.4746080530266","11.8888419957563","13.7896637487377","14.6807080309182","17.8455139905239","17.4112127044187","14.2569064738582","13.8226637004685","13.4379981440522","12.302770429147","11.0500813098182","10.9049662565408","11.3163964938445","13.6466769169339","14.5025692944594","13.7762016227676","12.8701587994619","12.4481466860303","12.4321549088917","11.9106285663512","10.8937721509343","10.2949367324391","9.65438854573933","10.7767113512384","12.1496157984776","12.5412849495945","11.9977516871085","11.4114679831714","10.6125348374016","10.588362941425","12.7085758878449","17.3632263392963","18.0617663204973","16.9892517946723","16.0088720133126","15.3288370996603","13.3815221632033","11.7311082055017","10.6311864548588","9.42568684591708","8.81246508879635","8.61730612609025","15.4158898708605","10.0897500818894","8.31218036018022","8.20886717061131","9.33566471850963","10.3519752601293",
"Namibia","NAM","Unemployment, youth total (% of total labor force ages 15-24) (national estimate)","SL.UEM.1524.NE.ZS","","","","","","","","","","","","","","","","","","","","","","","","","","","","","","","","","","","","","","","","","","","","","41.695","","","","","","42.506","","34.363","41.437","38.982","","44.883","","37.959","","","","","","","",
"New Caledonia","NCL","Unemployment, youth total (% of total labor force ages 15-24) (national estimate)","SL.UEM.1524.NE.ZS","","","","","","","","","","","","","","","","","","","","","","","","","","","","","","","","","","","","","","","","","","","","","","","","","","","","","","","38.391","","","36.081","39.8","32.492","46.229","","33.508","34.514","","",
"Niger","NER","Unemployment, youth total (% of total labor force ages 15-24) (national estimate)","SL.UEM.1524.NE.ZS","","","","","","","","","","","","","","","","","","","","","","","","","","","","","","","","","","","","","","","","","","3.161","","","","","","","","","","0.482","4.464","","0.702","","","16.622","","0.773","","","0.397","","","",
"Nigeria","NGA","Unemployment, youth total (% of total labor force ages 15-24) (national estimate)","SL.UEM.1524.NE.ZS","","","","","","","","","","","","","","","","","","","","","","","","","","","15.351","","","","","","","","","","","","","","","","","","","","","","","","","9.848","","10.074","8.128","7.664","12.357","13.803","","9.23","","","6.056","5.183","5.449","",
"Nicaragua","NIC","Unemployment, youth total (% of total labor force ages 15-24) (national estimate)","SL.UEM.1524.NE.ZS","","","","","","","","","","","","","","","","","","","","","","","","","","","","","","9.564","","","","","","","","","","","","5.966","","","","","8.595","","","","","","7.939","","8.461","","","","","","","","","","","",
"Netherlands","NLD","Unemployment, youth total (% of total labor force ages 15-24) (national estimate)","SL.UEM.1524.NE.ZS","","","","","","","","","","","","","","","","","","9.671","","10.384","","","","21.05","","17.633","","16.777","14.24","13.134","11.088","11.102","8.129","10.435","11.316","12.11","11.437","9.75","8.756","7.378","5.258","4.372","4.582","6.584","8.001","11.848","10.015","9.364","8.578","10.194","11.073","10.003","11.714","13.174","12.725","11.252","10.815","8.862","7.165","6.735","9.106","9.324","7.633","8.249","8.683","",
"Norway","NOR","Unemployment, youth total (% of total labor force ages 15-24) (national estimate)","SL.UEM.1524.NE.ZS","","","","","","","","","","","","","","","","","","","","","","","7.602","8.857","7.625","6.497","4.986","5.316","7.921","11.528","","","","","","19.114","15.329","14.942","12.854","12.285","11.09","12.167","13.047","11.859","12.8","11.488","8.736","7.407","7.415","9.174","9.325","8.524","8.481","9.145","7.862","9.907","11.163","10.384","9.703","9.936","11.336","12.883","9.929","11.011","11.899","",
"Nepal","NPL","Unemployment, youth total (% of total labor force ages 15-24) (national estimate)","SL.UEM.1524.NE.ZS","","","","","","","","","","","","","","","","","","","","","","","","","","","","","","","","","","","","","","","","2.981","","","","","","","","","2.34","","","","","","","","","20.529","","","","","","","","",
"Nauru","NRU","Unemployment, youth total (% of total labor force ages 15-24) (national estimate)","SL.UEM.1524.NE.ZS","","","","","","","","","","","","","","","","","","","","","","","","","","","","","","","","","","","","","","","","","","","38.031","","","","18.961","","","","","","","26.569","","","","","","","","12.026","","","","",
"New Zealand","NZL","Unemployment, youth total (% of total labor force ages 15-24) (national estimate)","SL.UEM.1524.NE.ZS","","","","","","","","","","","","","","","","","","","","","","","","","","","8.05","8.228","11.084","13.866","14.451","19.338","19.189","17.891","15.478","12.275","12.222","13.582","15.03","14.184","13.532","12.109","11.739","10.481","9.642","9.753","9.938","9.931","11.009","15.981","16.599","16.181","16.919","15.282","14.078","13.862","13.447","12.937","11.801","11.304","12.436","10.549","9.418","10.801","14.15","15.674",
"OECD members","OED","Unemployment, youth total (% of total labor force ages 15-24) (national estimate)","SL.UEM.1524.NE.ZS","","","","","","","","","","","","","","","","","","","","","","","","17.6478468523812","17.1148484637952","16.7822353633102","16.5054067534184","15.5692996900874","14.6189229124615","13.4039311272699","13.0478641069934","13.9115108800642","14.6644077918876","15.8308048112371","16.0968091551549","15.9214372094208","16.4045732885208","16.3429758243809","15.5012912324868","15.3154329409332","14.113529038568","14.9633774375592","14.698026140938","15.2214130303582","15.1671875683258","14.7149957529082","13.4945646942187","12.9553399965341","13.6904367950928","17.6023572248194","17.7807305828845","17.2956403725327","17.4473657418937","17.3764121055436","16.3036191654462","15.130706626716","14.271434847999","13.2713902361213","12.5081595468999","12.6482416546896","15.876563130804","13.6510668426543","11.5892549392875","11.2340657982355","11.6247850670747","",
"Oman","OMN","Unemployment, youth total (% of total labor force ages 15-24) (national estimate)","SL.UEM.1524.NE.ZS","","","","","","","","","","","","","","","","","","","","","","","","","","","","","","","","","","","","","","","","","","","","","","","","","19.035","","","","","","","","18.672","4.11","5.759","8.522","15.47","","","","","",
"Other small states","OSS","Unemployment, youth total (% of total labor force ages 15-24) (national estimate)","SL.UEM.1524.NE.ZS","","","","","","","","","","","","","","","","","","","","","","","","","","","","","","","","","","","","","","","","","","","","","","","","","","","","","","","","","24.5028377350693","","","","","22.0502555003021","","","","",
"Pakistan","PAK","Unemployment, youth total (% of total labor force ages 15-24) (national estimate)","SL.UEM.1524.NE.ZS","","","","","","","","","","","","","","","","","","","","","","","","","","","","","5.289","","5.136","10.059","8.576","7.151","7.42","8.948","","9.984","10.452","","13.341","","13.413","","11.69","","0.937","0.817","0.984","1.074","1.281","1.704","7.56","5.898","3.992","6.614","5.111","","7.845","9.561","16.579","11.101","","","","12.521",
"Panama","PAN","Unemployment, youth total (% of total labor force ages 15-24) (national estimate)","SL.UEM.1524.NE.ZS","","","","","","","","","","","","","","","","","","","","","","","","","","","","","","","21.629","","","","","","","","","","","","","","","","","","","15.226","13.518","11.145","9.63","9.911","11.583","11.693","12.31","14.842","14.109","17.072","40.114","22.366","19.149","16.734","19.714","",
"Peru","PER","Unemployment, youth total (% of total labor force ages 15-24) (national estimate)","SL.UEM.1524.NE.ZS","","","","","","","","","","","","","","","","","","","","","","","","","","","","","","","","","","","","","13.305","7.708","8.662","8.294","6.328","7.293","5.872","6.322","7.67","8.42","7.145","7.526","7.375","7.049","6.747","6.89","6.703","6.878","7.353","6.728","8.066","8.173","8.205","7.335","12.583","9.521","7.008","8.155","8.952","8.665",
"Philippines","PHL","Unemployment, youth total (% of total labor force ages 15-24) (national estimate)","SL.UEM.1524.NE.ZS","","","","","","","","","","","","","","","","","","","","","","","","","","12.107","","15.893","15.042","17.042","15.388","17.604","17.196","17.264","17.005","16.139","14.473","15.704","18.91","21.312","","9.742","","9.253","9.385","9.554","10.232","8.936","10.06","10.359","9.938","9.632","9.471","9.226","9.484","8.467","7.698","7.458","6.669","6.769","7.032","8.488","6.863","6.902","","",
"Palau","PLW","Unemployment, youth total (% of total labor force ages 15-24) (national estimate)","SL.UEM.1524.NE.ZS","","","","","","","","","","","","","","","","","","","","","","","","","","","","","","","","","","","","18.936","","","","","9.622","","","","","","","","","","","","","","5.606","","","","","","3.261","","","4.745","","",
"Papua New Guinea","PNG","Unemployment, youth total (% of total labor force ages 15-24) (national estimate)","SL.UEM.1524.NE.ZS","","","","","","","","","","","","","","","","","","","","","","","","","","","","","","","","","","","","","","","","","5.271","","","","","","","","","","3.612","","","","","","","","","","","","3.79","","","",
"Poland","POL","Unemployment, youth total (% of total labor force ages 15-24) (national estimate)","SL.UEM.1524.NE.ZS","","","","","","","","","","","","","","","","","","","","","","","","","","","","","","","","","","","","","","22.803","21.326","29.594","33.565","41.201","44.13","43.257","40.51","37.419","29.677","21.509","17.225","20.596","23.6","25.619","26.437","27.287","23.837","20.738","17.636","14.812","11.727","9.87","10.871","11.849","10.584","11.197","10.656","",
"Pre-demographic dividend","PRE","Unemployment, youth total (% of total labor force ages 15-24) (national estimate)","SL.UEM.1524.NE.ZS","","","","","","","","","","","","","","","","","","","","","","","","","","","","","","","","","","","","","","","","","","","","","","","","","","","","","","","","","","","","","","","","","","",
"Puerto Rico (US)","PRI","Unemployment, youth total (% of total labor force ages 15-24) (national estimate)","SL.UEM.1524.NE.ZS","","","","","","","","","","","","","","","","","37.245","37.902","35.719","31.253","","36.122","38.737","47.297","40.593","41.859","42.696","41.032","34.969","","31.325","34.104","34.091","30.5","","26.425","27.778","27.143","24.885","22.685","20.5","","23.267","23.223","21.226","23.256","22.34","22.156","24.528","","30.233","29.851","27.344","","","25","","","","","34.29","","","","","",
"Korea, Dem. People's Rep.","PRK","Unemployment, youth total (% of total labor force ages 15-24) (national estimate)","SL.UEM.1524.NE.ZS","","","","","","","","","","","","","","","","","","","","","","","","","","","","","","","","","","","","","","","","","","","","","","","","","","","","","","","","","","","","","","","","","","",
"Portugal","PRT","Unemployment, youth total (% of total labor force ages 15-24) (national estimate)","SL.UEM.1524.NE.ZS","","","","","","","","","","","","","","","","","","","19.796","19.221","16.906","15.98","14.878","","22.868","20.004","20.31","17.522","14.259","11.699","10.356","8.699","9.673","12.11","14.534","15.976","16.971","14.141","9.502","9.175","8.254","8.963","10.456","13.504","14.05","16.22","16.503","16.73","16.663","20.309","22.754","30.308","37.979","38.453","34.664","31.785","27.8","23.799","20.233","18.326","22.459","23.424","19.189","20.507","21.63","19.13",
"Paraguay","PRY","Unemployment, youth total (% of total labor force ages 15-24) (national estimate)","SL.UEM.1524.NE.ZS","","","","","","","","","","","","","","","","","","","","","","","","","","","","","","","","","","11.688","8.22","","","","9.61","10.451","","11.43","16.7","13.515","11.988","10.582","11.237","10.566","9.804","12.024","11.028","11.763","10.098","9.662","11.215","11.05","11.509","14.35","14.545","15.277","17.09","16.133","14.525","13.196","13.464","10.832",
"West Bank and Gaza","PSE","Unemployment, youth total (% of total labor force ages 15-24) (national estimate)","SL.UEM.1524.NE.ZS","","","","","","","","","","","","","","","","","","","","","","","","","","","","","","","","","","","","","","","","","16.024","31.61","39.052","35.8","35.949","32.253","30.126","31.349","37.738","34.451","36.684","31.73","35.199","37.684","36.707","37.446","38.624","41.862","42.196","40.158","42.077","41.672","36.134","","42.952","40.841",
"Pacific island small states","PSS","Unemployment, youth total (% of total labor force ages 15-24) (national estimate)","SL.UEM.1524.NE.ZS","","","","","","","","","","","","","","","","","","","","","","","","","","","","","","","","","","","","","","","","","","","","","","","","","","","","","","","","","","","","","","","","","","",
"Post-demographic dividend","PST","Unemployment, youth total (% of total labor force ages 15-24) (national estimate)","SL.UEM.1524.NE.ZS","","","","","","","","","","","","","","","","","","","","","","","","17.3557931398681","16.7660174085337","16.6003175702868","16.0998338108637","15.3214454418026","14.2547197171904","12.9299628742216","12.6136310205921","13.7961408774948","14.5477216639379","15.7621240429771","16.1554482815747","15.8902790919855","16.1800077378508","16.00119151575","14.9001273357756","14.3491840253644","13.0528154224072","12.8737843225506","13.4357210606579","13.8302769187443","13.8621030267875","13.8875721709272","13.3047557316963","12.5118722316246","13.4672674199865","17.2474351895289","17.9576064499546","17.8886275371513","18.1677071588537","18.2496722463638","17.283764894903","15.9736323593148","14.8179721374282","13.3417733495724","12.3113454319866","11.7033868294844","15.5255207685689","13.0251410317175","10.8652055414996","10.7749531799586","11.5240024264345","",
"French Polynesia","PYF","Unemployment, youth total (% of total labor force ages 15-24) (national estimate)","SL.UEM.1524.NE.ZS","","","","","","","","","","","","","","","","","","","","","","","","","","","","","","","","","","","","","40.878","","","","","","33.207","","","","","34.234","","","","","56.718","","","","","","","","","","","","","",
"Qatar","QAT","Unemployment, youth total (% of total labor force ages 15-24) (national estimate)","SL.UEM.1524.NE.ZS","","","","","","","","","","","","","","","","","","","","","","","","","","","","","","","","","","","","","","","","","","","","","10.765","","","1.621","1.027","1.196","","1.32","1.63","1.128","0.785","0.599","0.48","0.509","0.311","0.3","0.474","0.691","","","","",
"Romania","ROU","Unemployment, youth total (% of total labor force ages 15-24) (national estimate)","SL.UEM.1524.NE.ZS","","","","","","","","","","","","","","","","","","","","","","","","","","","","","","","","","22.36","","","20.924","20.194","17.404","16.789","17.3","17.806","17.635","22.223","19.524","22.325","20.246","21.436","20.142","18.596","20.755","22.108","23.908","22.556","23.727","24.021","21.661","20.603","18.32","16.239","16.765","17.337","21.038","22.793","21.782","23.931","",
"Russian Federation","RUS","Unemployment, youth total (% of total labor force ages 15-24) (national estimate)","SL.UEM.1524.NE.ZS","","","","","","","","","","","","","","","","","","","","","","","","","","","","","","","","","","","","","","","","","","","","","","","15.656","14.5","14.076","18.743","17.107","15.434","14.868","13.97","13.841","16.149","16.496","16.233","16.973","15.249","17.039","16.22","14.49","11.196","8.306","",
"Rwanda","RWA","Unemployment, youth total (% of total labor force ages 15-24) (national estimate)","SL.UEM.1524.NE.ZS","","","","","","","","","","","","","","","","","","","","","","","","","","","","","","","","","","","","","0.741","","","","","","","","","","","","","","","","","","1.922","","","16.726","16.215","16.004","15.902","23.239","22.109","18.257","16.559","",
"South Asia","SAS","Unemployment, youth total (% of total labor force ages 15-24) (national estimate)","SL.UEM.1524.NE.ZS","","","","","","","","","","","","","","","","","","","","","","","","","","","","","","","","","","","6.77591228225935","","","","","","8.62538056418398","","","","","9.31190302246347","","","","","9.35812791318318","","9.97039307633112","","","","","","26.099961174291","22.6590746651214","24.5574737186109","20.7507815511738","17.1961731994916","14.738228556215","14.8869442596736","",
"Saudi Arabia","SAU","Unemployment, youth total (% of total labor force ages 15-24) (national estimate)","SL.UEM.1524.NE.ZS","","","","","","","","","","","","","","","","","","","","","","","","","","","","","","","","","23.789","","","","","","","","","","","","","","","29.748","29.346","29.953","","","28.327","29.457","30.39","","","31.71","30.372","25.208","29.409","19.677","15.921","13.713","11.453","",
"Sudan","SDN","Unemployment, youth total (% of total labor force ages 15-24) (national estimate)","SL.UEM.1524.NE.ZS","","","","","","","","","","","","","","","","","","","","","","","","","","","","","","","","","","","","","","","","","","","","","","","","","24.317","20","","32.604","","","","","","","","","","","12.414","","","",
"Senegal","SEN","Unemployment, youth total (% of total labor force ages 15-24) (national estimate)","SL.UEM.1524.NE.ZS","","","","","","","","","","","","","","","","","","","","","","","","","","","","","","","","","","","","","","","","","","","8.57","","","","14.805","","","","","2.975","","","","8.054","6.364","5.83","","4.053","","","7.179","6.528","7.553","",
"Singapore","SGP","Unemployment, youth total (% of total labor force ages 15-24) (national estimate)","SL.UEM.1524.NE.ZS","","","","","","","","","","","","","","","","","","","5.976","5.798","4.805","","4.486","5.259","4.6","7.432","9.946","7.863","6.014","4.294","3.344","3.82","6.62","7","7.27","6.98","8.65","5.44","8.25","9.59","","7.73","11.25","10.19","10.85","9.889","8.88","8.8","9.16","12.91","9.86","9.22","8.869","9.342","8.793","9.351","9.132","10.839","9.418","11.501","14.234","10.049","8.434","9.06","7.502","",
"Solomon Islands","SLB","Unemployment, youth total (% of total labor force ages 15-24) (national estimate)","SL.UEM.1524.NE.ZS","","","","","","","","","","","","","","","","","","","","","","","","","","","","","","","","","","","","","","","","","","","","","","","","","","","","","","1.327","","","","","","","","","","","","",
"Sierra Leone","SLE","Unemployment, youth total (% of total labor force ages 15-24) (national estimate)","SL.UEM.1524.NE.ZS","","","","","","","","","","","","","","","","","","","","","","","","","","","","","","","","","","","","","","","","","","","","","5.15","","","","","","","","","","9.449","","","","3.58","","","","","","","",
"El Salvador","SLV","Unemployment, youth total (% of total labor force ages 15-24) (national estimate)","SL.UEM.1524.NE.ZS","","","","","","","","","","","","","","","","","","","","","","","","","","","","","","","","","","","","","13.115","13.331","12.498","12.016","","","10.535","10.305","10.29","","12.376","11.44","","13.969","10.268","8.625","8.618","8.703","9.893","8.924","9.798","10.064","9.605","9.952","11.243","9.988","7.701","7.174","6.524","",
"San Marino","SMR","Unemployment, youth total (% of total labor force ages 15-24) (national estimate)","SL.UEM.1524.NE.ZS","","","","","","","","","","","","","","","","","","","","","","","","","","17.341","17.963","16.904","13.839","11.466","9.878","9.009","8.737","10.86","","7.913","10.861","9.309","8.741","","","","","","","","8.365","8.36","11.922","15.812","17.254","","","","","28.048","27.401","26.204","27.54","26.882","22.548","15.485","15.748","","","",
"Somalia, Fed. Rep.","SOM","Unemployment, youth total (% of total labor force ages 15-24) (national estimate)","SL.UEM.1524.NE.ZS","","","","","","","","","","","","","","","","","","","","","","","","","","","","","","","","","","","","","","","","","","","","","","","","","","","","","","","","","","","","33.816","","","17.868","","","",
"Serbia","SRB","Unemployment, youth total (% of total labor force ages 15-24) (national estimate)","SL.UEM.1524.NE.ZS","","","","","","","","","","","","","","","","","","","","","","","","","","","","","","","","","","","","","","","","","","","","","","47.742","47.89","43.729","35.109","41.513","46.265","50.926","51.051","49.417","47.527","43.162","34.937","31.907","29.716","27.526","26.65","24.53","23.293","24.145","21.445","",
"Sub-Saharan Africa (excluding high income)","SSA","Unemployment, youth total (% of total labor force ages 15-24) (national estimate)","SL.UEM.1524.NE.ZS","","","","","","","","","","","","","","","","","","","","","","","","","","","","","","","","","","","","","","","","","","","","","","","","","","","","","","","","","","","","","","","13.174301573134","","","",
"South Sudan","SSD","Unemployment, youth total (% of total labor force ages 15-24) (national estimate)","SL.UEM.1524.NE.ZS","","","","","","","","","","","","","","","","","","","","","","","","","","","","","","","","","","","","","","","","","","","","","","","","","18.516","","","","","","","","","","","","","","","","","",
"Sub-Saharan Africa","SSF","Unemployment, youth total (% of total labor force ages 15-24) (national estimate)","SL.UEM.1524.NE.ZS","","","","","","","","","","","","","","","","","","","","","","","","","","","","","","","","","","","","","","","","","","","","","","","","","","","","","","","","","","","","","","","","","","",
"Small states","SST","Unemployment, youth total (% of total labor force ages 15-24) (national estimate)","SL.UEM.1524.NE.ZS","","","","","","","","","","","","","","","","","","","","","","","","","","","","","","","","","","","","","","","","","","","","","","","","","","","","","","","","","","","","","","","","","","",
"Sao Tome and Principe","STP","Unemployment, youth total (% of total labor force ages 15-24) (national estimate)","SL.UEM.1524.NE.ZS","","","","","","","","","","","","","","","","","","","","","","","","","","","","","","","","","","","","","","","","","","","","","","","","","","","","","20.82","","","","","6.25","","","","","","","","",
"Suriname","SUR","Unemployment, youth total (% of total labor force ages 15-24) (national estimate)","SL.UEM.1524.NE.ZS","","","","","","","","","","","","","","","","","","","","","","","","","","","","","","35.29","36.65","","40.083","35.707","27.528","26.18","24.578","25.11","23.133","34.081","","","","","21.504","","","","","20.159","13.687","20.01","20.518","20.894","16.363","13.412","26.486","","","","","","","","","",
"Slovak Republic","SVK","Unemployment, youth total (% of total labor force ages 15-24) (national estimate)","SL.UEM.1524.NE.ZS","","","","","","","","","","","","","","","","","","","","","","","","","","","","","","","","","","","","","","","24.73","33.535","36.617","38.888","37.288","33.193","32.883","30.178","26.804","20.427","19.012","27.34","33.633","33.411","34.031","33.647","26.773","26.522","22.232","18.929","14.947","16.108","19.433","21.202","19.941","19.898","19.159","",
"Slovenia","SVN","Unemployment, youth total (% of total labor force ages 15-24) (national estimate)","SL.UEM.1524.NE.ZS","","","","","","","","","","","","","","","","","","","","","","","","","","","","","","","","22.232","","32.609","22.034","18.898","16.622","16.325","17.573","18.459","16.365","15.725","14.846","15.287","14.045","15.945","13.854","10.098","10.437","13.601","14.652","15.719","20.583","21.602","20.205","16.287","15.225","11.23","8.814","8.133","14.189","12.781","10.08","9.878","10.932","",
"Sweden","SWE","Unemployment, youth total (% of total labor force ages 15-24) (national estimate)","SL.UEM.1524.NE.ZS","","","","","","","","","","","","","","","","3.76","3.742","","","","","","7.591","7.941","6.038","5.747","4.775","4.526","","3.108","","","","","","19.607","21.529","21.857","17.498","16.269","9.476","11.671","12.929","14.326","18.538","22.84","21.499","19.267","20.211","25.031","24.783","22.799","23.636","23.545","22.879","20.401","18.935","17.916","17.435","20.131","23.946","24.671","21.728","22.073","24.257","",
"Eswatini","SWZ","Unemployment, youth total (% of total labor force ages 15-24) (national estimate)","SL.UEM.1524.NE.ZS","","","","","","","","","","","","","","","","","","","","","","","","","","","","","","","","","","","","43.576","","","","","","","","","","","","","","","","","","","","","47.063","","","","","55.845","","54.004","","",
"Sint Maarten (Dutch part)","SXM","Unemployment, youth total (% of total labor force ages 15-24) (national estimate)","SL.UEM.1524.NE.ZS","","","","","","","","","","","","","","","","","","","","","","","","","","","","","","","","","","","","","","","","","","","","","","","","","","","","","","","","","","","","","","","","","","",
"Seychelles","SYC","Unemployment, youth total (% of total labor force ages 15-24) (national estimate)","SL.UEM.1524.NE.ZS","","","","","","","","","","","","","","","","","","","","","","","","","","","","","","","","","","","22.822","","","","","","","","20.331","","","","","","","","","11.002","","","13.132","13.552","11.544","10.911","11.58","9.697","16.51","","","9.003","10.345","",
"Syrian Arab Republic","SYR","Unemployment, youth total (% of total labor force ages 15-24) (national estimate)","SL.UEM.1524.NE.ZS","","","","","","","","","","","","","","","","","","","","","","","","","","","","","","","","","","","","","","","","","","","26.321","19.468","","","","19.089","22.39","16.675","20.376","35.801","","","","","","","","","","","","","","",
"Turks and Caicos Islands","TCA","Unemployment, youth total (% of total labor force ages 15-24) (national estimate)","SL.UEM.1524.NE.ZS","","","","","","","","","","","","","","","","","","","","","","","","","","","","","","","","","","","","","","","","","","","","","","","","","","","","","","","","","","","","","","","","","","",
"Chad","TCD","Unemployment, youth total (% of total labor force ages 15-24) (national estimate)","SL.UEM.1524.NE.ZS","","","","","","","","","","","","","","","","","","","","","","","","","","","","","","","","","","","","","","","","","","","","","","","","","","","","","","","","","","","1.529","","","","8.868","","","",
"East Asia & Pacific (IDA & IBRD countries)","TEA","Unemployment, youth total (% of total labor force ages 15-24) (national estimate)","SL.UEM.1524.NE.ZS","","","","","","","","","","","","","","","","","","","","","","","","","","","","","","","","","","","","","","","","","10.7181009513782","","","","","","","","","","","","","","","","","","10.5356661771373","10.6707816840185","12.5238538352298","12.7989744009293","","","","",
"Europe & Central Asia (IDA & IBRD countries)","TEC","Unemployment, youth total (% of total labor force ages 15-24) (national estimate)","SL.UEM.1524.NE.ZS","","","","","","","","","","","","","","","","","","","","","","","","","","","","","","","","","","","","","","","","","","","","","","","19.9780237919283","18.6656377228981","17.412909233339","20.3836803138656","19.8523477260992","19.0204507538921","18.7873844668557","18.902588648546","19.8135974476885","19.1706538931152","19.5309761144204","17.8859221801485","18.1394703390408","18.454072474545","18.3272545446711","18.7566691627197","15.8637062192106","14.6464639251441","13.1162432374912","",
"Togo","TGO","Unemployment, youth total (% of total labor force ages 15-24) (national estimate)","SL.UEM.1524.NE.ZS","","","","","","","","","","","","","","","","","","","","","","","","","","","","","","","","","","","","","","","","","","","","","","","6.804","","","","19.061","2.893","","","","3.878","","9.511","","3.006","","","3.365","","","",
"Thailand","THA","Unemployment, youth total (% of total labor force ages 15-24) (national estimate)","SL.UEM.1524.NE.ZS","","","","","","","","","","","","","","","","","2.939","","1.787","2.077","1.819","","4.118","","8.907","","","9.629","5.277","2.428","4.281","","","","2.612","","2.458","2.175","7.44","7.74","6.558","7.584","","5.027","4.5","4.76","4.775","4.467","4.768","5.597","2.531","2.885","2.696","1.214","3.138","3.103","3.712","4.36","3.997","4.159","5.164","5.798","5.094","4.368","4.561","",
"Tajikistan","TJK","Unemployment, youth total (% of total labor force ages 15-24) (national estimate)","SL.UEM.1524.NE.ZS","","","","","","","","","","","","","","","","","","","","","","","","","","","","","","","","","","","","","","","","","","","","5.511","","","","","","16.722","","","","","","","","","","","","","","","","",
"Turkmenistan","TKM","Unemployment, youth total (% of total labor force ages 15-24) (national estimate)","SL.UEM.1524.NE.ZS","","","","","","","","","","","","","","","","","","","","","","","","","","","","","","","","","","","","","","","","","","","","","","","","","","","","","","","","","","","","","","","","","","",
"Latin America & the Caribbean (IDA & IBRD countries)","TLA","Unemployment, youth total (% of total labor force ages 15-24) (national estimate)","SL.UEM.1524.NE.ZS","","","","","","","","","","","","","","","","","","","","","","","","","","","","","","","","","","","","","","","","","","","15.5327399123716","16.6373980482932","16.7388321293875","16.6435395877722","14.4868526444488","14.0865651790776","13.926689944171","15.8919066000236","","14.1385265351975","13.2632105949908","13.3620638970187","13.2036722604066","13.9020511093165","16.3690663778586","17.2214569147421","17.4534082791862","17.5570882436149","21.1187071826659","18.5509768727649","14.6058196491947","13.1292049212467","11.3742633215842","",
"Timor-Leste","TLS","Unemployment, youth total (% of total labor force ages 15-24) (national estimate)","SL.UEM.1524.NE.ZS","","","","","","","","","","","","","","","","","","","","","","","","","","","","","","","","","","","","","","","","","","14.896","","","","","","15.038","","","12.356","","","8.684","","9.601","13.192","","","","","5.455","3.408","","","",
"Middle East, North Africa, Afghanistan & Pakistan (IDA & IBRD)","TMN","Unemployment, youth total (% of total labor force ages 15-24) (national estimate)","SL.UEM.1524.NE.ZS","","","","","","","","","","","","","","","","","","","","","","","","","","","","","","","","","","","","","","","","","","","","","","","14.9509584692489","14.2097995623465","13.5583638289673","13.6385296241913","15.4930795900976","15.9698647990676","18.083611842479","17.2823900665811","16.5479314799628","17.9929190206046","17.7848992168079","","","15.6204110031077","18.2774842704886","17.5001813127679","","","","",
"Tonga","TON","Unemployment, youth total (% of total labor force ages 15-24) (national estimate)","SL.UEM.1524.NE.ZS","","","","","","","","","","","","","","","","","","","","","","","","","","","","","","","","","","","","","","","","","","","","","","","","","","","","","","","","","3.103","","6.671","","","6.357","","4.757","","",
"South Asia (IDA & IBRD)","TSA","Unemployment, youth total (% of total labor force ages 15-24) (national estimate)","SL.UEM.1524.NE.ZS","","","","","","","","","","","","","","","","","","","","","","","","","","","","","","","","","","","6.77591228225935","","","","","","8.62538056418399","","","","","9.31190302246347","","","","","9.35812791318318","","9.97039307633112","","","","","","26.099961174291","22.6590746651214","24.5574737186109","20.7507815511738","17.1961731994916","14.738228556215","14.8869442596736","",
"Sub-Saharan Africa (IDA & IBRD countries)","TSS","Unemployment, youth total (% of total labor force ages 15-24) (national estimate)","SL.UEM.1524.NE.ZS","","","","","","","","","","","","","","","","","","","","","","","","","","","","","","","","","","","","","","","","","","","","","","","","","","","","","","","","","","","","","","","","","","",
"Trinidad and Tobago","TTO","Unemployment, youth total (% of total labor force ages 15-24) (national estimate)","SL.UEM.1524.NE.ZS","","","","","","","","","","","","","","","","","","","","20.411","","20.513","","21.283","","29.818","32.624","40.073","39.371","39.821","36.396","34.159","","33.485","","31.013","28.487","","26.945","25.36","23.183","","21.109","","","16.477","12.983","11.318","10.472","11.743","9.892","8.698","8.686","6.318","5.883","5.862","8.714","","","9.159","11.671","12.906","10.508","7.898","10.914","",
"Tunisia","TUN","Unemployment, youth total (% of total labor force ages 15-24) (national estimate)","SL.UEM.1524.NE.ZS","","","","","","","","","","","","","","","","","","","","","","","","","","","","","","30.827","","","","","","","","31.849","","","","","","","","28.186","27.657","27.873","28.391","30.894","29.394","42.267","37.627","34.74","36.789","35.038","34.895","34.874","","37.921","","26.871","37.802","38.513","","",
"Turkiye","TUR","Unemployment, youth total (% of total labor force ages 15-24) (national estimate)","SL.UEM.1524.NE.ZS","","","","","","","","","","","","","","","","","","","","","","","","","","","","","16.681","16.3","16.019","","","","","","","","","","13.053","16.203","19.16","20.525","20.553","19.868","19.053","19.966","20.485","25.277","21.718","18.372","17.529","18.686","17.925","18.533","19.61","20.772","20.303","25.406","25.277","22.636","19.446","17.427","16.298","",
"Tuvalu","TUV","Unemployment, youth total (% of total labor force ages 15-24) (national estimate)","SL.UEM.1524.NE.ZS","","","","","","","","","","","","","","","","","","","","","","","","","","","","","","","","","","","","","","","","","","","","","","","","","","","11.739","","","","","","20.638","54.862","","","","","19.963","","","",
"Tanzania","TZA","Unemployment, youth total (% of total labor force ages 15-24) (national estimate)","SL.UEM.1524.NE.ZS","","","","","","","","","","","","","","","","","","","","","","","","","","","","","","","","","","","","","","","","","","5.472","","","","","6.47","","0.747","","2.295","6.916","2.629","5.751","3.885","","","","","","2.807","","","","4.721","",
"Uganda","UGA","Unemployment, youth total (% of total labor force ages 15-24) (national estimate)","SL.UEM.1524.NE.ZS","","","","","","","","","","","","","","","","","","","","","","","","","","","","","","","","","","","","","","","","","","","","","","","","","","","2.129","1.303","5.374","2.6","2.763","","","5.191","","5.349","","5.154","","","","",
"Ukraine","UKR","Unemployment, youth total (% of total labor force ages 15-24) (national estimate)","SL.UEM.1524.NE.ZS","","","","","","","","","","","","","","","","","","","","","","","","","","","","","","","","","","","","","","","","","","","","","15.71","14.89","","","","17.79","17.36","18.642","17.29","17.39","23.14","22.36","22.95","18.918","17.948","15.414","19.262","19.062","","","","",
"Upper middle income","UMC","Unemployment, youth total (% of total labor force ages 15-24) (national estimate)","SL.UEM.1524.NE.ZS","","","","","","","","","","","","","","","","","","","","","","","","","","","","","","","","","","","","","","","","","12.3694849966742","","","","","","","","","","","","","","","","","","15.4085141266843","15.7740015186363","17.8594295959194","17.7401479384506","","","","",
"Uruguay","URY","Unemployment, youth total (% of total labor force ages 15-24) (national estimate)","SL.UEM.1524.NE.ZS","","","","","","","","","","","","","","","","","","","","","","","","","16.73","","","","","","23.427","24.351","23.879","22.873","24.11","24.635","","","23.036","24.529","29.072","34.275","37.955","38.184","33.016","29.193","28.114","25.04","22.442","21.073","20.713","18.13","18.51","19.262","19.429","22.536","23.781","24.778","25.92","27.782","33.355","31.39","25.218","26.136","26.522","",
"United States","USA","Unemployment, youth total (% of total labor force ages 15-24) (national estimate)","SL.UEM.1524.NE.ZS","11.2","13","11.3","12.2","11.5","10.1","8.6","8.7","8.7","8.4","11","12.7","12.1","10.5","11.9","16.1","14.7","13.6","12.3","11.8","13.9","14.9","17.8","17.2","13.9","13.6","13.3","12.2","11","10.9","11.2","13.4","14.2","13.4","12.539","12.188","12.109","11.442","10.441","9.898","9.338","10.558","11.996","12.428","11.847","11.309","10.508","10.543","12.846","17.601","18.424","17.309","16.211","15.546","13.397","11.624","10.427","9.237","8.613","8.392","14.92","9.73","8.129","7.938","8.929","9.981",
"Uzbekistan","UZB","Unemployment, youth total (% of total labor force ages 15-24) (national estimate)","SL.UEM.1524.NE.ZS","","","","","","","","","","","","","","","","","","","","","","","","","","","","","","","","","","","","","","","","","","","","","","","","","","","","","","","","","","","","","13.184","","","","","",
"St. Vincent and the Grenadines","VCT","Unemployment, youth total (% of total labor force ages 15-24) (national estimate)","SL.UEM.1524.NE.ZS","","","","","","","","","","","","","","","","","","","","","","","","","","","","","","","","36.324","","","","","","","","","","39.422","","","","","","","33.844","","","","","","","","","","","","","","","","","",
"Venezuela, RB","VEN","Unemployment, youth total (% of total labor force ages 15-24) (national estimate)","SL.UEM.1524.NE.ZS","","","","","","","","","","","","","","","","","","","","","","","","","","","","","","","22.452","","","","","","","","","","","16.207","","","","18.247","15.38","13.601","12.386","12.159","14.216","14.097","14.151","","","","11.743","12.053","","","13.649","","","","","",
"British Virgin Islands","VGB","Unemployment, youth total (% of total labor force ages 15-24) (national estimate)","SL.UEM.1524.NE.ZS","","","","","","","","","","","","","","","","","","","","","","","","","","","","","","","","6.875","","","","","","","","","","","","","","","","","","","","","","","","","","","","","","","","","","",
"Virgin Islands (U.S.)","VIR","Unemployment, youth total (% of total labor force ages 15-24) (national estimate)","SL.UEM.1524.NE.ZS","","","","","","","","","","","","","","","","","","","","","","","","","","","","","","","","","","","","","","","","","","","","","","","","","","","","","","","","","","","","","","","","","","",
"Viet Nam","VNM","Unemployment, youth total (% of total labor force ages 15-24) (national estimate)","SL.UEM.1524.NE.ZS","","","","","","","","","","","","","","","","","","","","","","","","","","","","","","","","","","","","","","","","","","","","","4.617","","","6.239","","4.614","3.575","3.437","3.955","5.003","5.206","6.675","7.17","7.302","4.791","5.8","6.787","7.009","6.145","6.421","6.41","",
"Vanuatu","VUT","Unemployment, youth total (% of total labor force ages 15-24) (national estimate)","SL.UEM.1524.NE.ZS","","","","","","","","","","","","","","","","","","","","","","","","","","","","","","","","","","","","","","","","","","","","","","","13.908","","","8.892","4.818","","","","","","","","","12.273","9.679","","","","","",
"World","WLD","Unemployment, youth total (% of total labor force ages 15-24) (national estimate)","SL.UEM.1524.NE.ZS","","","","","","","","","","","","","","","","","","","","","","","","","","","","","","","","","","","","","","","","","11.5758097763252","","","","","","","","","","","","","","","","","","17.2328511014409","15.7915335027797","18.1537172809194","16.6522790171045","14.7111758235156","","","",
"Samoa","WSM","Unemployment, youth total (% of total labor force ages 15-24) (national estimate)","SL.UEM.1524.NE.ZS","","","","","","","","","","","","","","","","","","","","","","","","","","","","","","","","","","","","","","","","","","12.238","","","","","4.028","","","","","16.137","19.099","","19.101","","","19.653","2.682","","","","13.391","","","",
"Kosovo","XKX","Unemployment, youth total (% of total labor force ages 15-24) (national estimate)","SL.UEM.1524.NE.ZS","","","","","","","","","","","","","","","","","","","","","","","","","","","","","","","","","","","","","","","","","25.175","","","","","","","","","","","","55.314","55.874","60.998","57.709","52.419","52.749","53.82","49.041","48.85","37.792","21.322","17.207","19.037","",
"Yemen, Rep.","YEM","Unemployment, youth total (% of total labor force ages 15-24) (national estimate)","SL.UEM.1524.NE.ZS","","","","","","","","","","","","","","","","","","","","","","","","","","","","","","","","","","","17.886","","","","","18.648","","","","","","","","","","","33.656","","","","24.525","","","","","","","","","","","",
"South Africa","ZAF","Unemployment, youth total (% of total labor force ages 15-24) (national estimate)","SL.UEM.1524.NE.ZS","","","","","","","","","","","","","","","","","","","","","","","","","","","","","","","","","","","","","","","","","53.486","56.031","59.882","61.27","56.662","56.253","54.632","52.533","45.585","48.336","51.177","50.254","51.698","51.426","51.291","50.13","53.346","53.202","53.408","57.053","59.359","65.219","61.478","60.082","60.111","",
"Zambia","ZMB","Unemployment, youth total (% of total labor force ages 15-24) (national estimate)","SL.UEM.1524.NE.ZS","","","","","","","","","","","","","","","","","","","","","","","","","","","","","","","","","","","","","","","","","21.359","","","","","","","","14.006","","28.683","","15.216","","","30.909","","8.384","8.73","10.304","11.01","9.301","9.816","10.009","10.807","",
"Zimbabwe","ZWE","Unemployment, youth total (% of total labor force ages 15-24) (national estimate)","SL.UEM.1524.NE.ZS","","","","","","","","","","","","","","","","","","","","","","","","","","","","","","","","","","","","","","16.53","","14.032","","","","","7.609","","","","","","","8.733","","","6.83","","","","","11.856","","15.322","17.354","15.756","22.361","",
